-- phpMyAdmin SQL Dump
-- version 5.2.1
-- https://www.phpmyadmin.net/
--
-- Host: localhost
-- Tempo de geração: 03-Jul-2024 às 12:09
-- Versão do servidor: 5.7.44
-- versão do PHP: 8.0.30

SET SQL_MODE = "NO_AUTO_VALUE_ON_ZERO";
START TRANSACTION;
SET time_zone = "+00:00";


/*!40101 SET @OLD_CHARACTER_SET_CLIENT=@@CHARACTER_SET_CLIENT */;
/*!40101 SET @OLD_CHARACTER_SET_RESULTS=@@CHARACTER_SET_RESULTS */;
/*!40101 SET @OLD_COLLATION_CONNECTION=@@COLLATION_CONNECTION */;
/*!40101 SET NAMES utf8mb4 */;

--
-- Banco de dados: ``
--

-- --------------------------------------------------------

--
-- Estrutura da tabela `locations`
--

CREATE TABLE `locations` (
  `id_location` int(11) NOT NULL,
  `latitude` float DEFAULT NULL,
  `longitude` float DEFAULT NULL,
  `name_country` varchar(50) DEFAULT NULL,
  `location` varchar(100) DEFAULT NULL
) ENGINE=InnoDB DEFAULT CHARSET=latin1;

--
-- Extraindo dados da tabela `locations`
--

INSERT INTO `locations` (`id_location`, `latitude`, `longitude`, `name_country`, `location`) VALUES
(1, 37.026, 7.84235, 'PORTUGAL', 'Olhao'),
(2, 43.8405, 13.0167, 'ITALY', 'Fano'),
(3, 61.1833, 22.7, 'FINLAND', 'Huittinen'),
(4, 13.55, 16.932, 'POLAND', 'Poznan'),
(5, 50.7671, 15.0562, 'CZECH REPUBLIC', 'Liberec');

-- --------------------------------------------------------

--
-- Estrutura da tabela `sensors`
--

CREATE TABLE `sensors` (
  `id_sensor` int(11) NOT NULL,
  `sensor_name` varchar(50) COLLATE utf8_unicode_ci NOT NULL,
  `sensor_reference` varchar(100) COLLATE utf8_unicode_ci NOT NULL
) ENGINE=InnoDB DEFAULT CHARSET=utf8 COLLATE=utf8_unicode_ci;

--
-- Extraindo dados da tabela `sensors`
--

INSERT INTO `sensors` (`id_sensor`, `sensor_name`, `sensor_reference`) VALUES
(1, 'Temperature', 'BME680'),
(2, 'Humidity', 'BME680'),
(3, 'Pressure', 'BME680'),
(4, 'Gas', 'BME680'),
(5, 'Humidity_Score', ''),
(6, 'Gas_score', ''),
(7, 'Score', '');

-- --------------------------------------------------------

--
-- Estrutura da tabela `sensors_readings`
--

CREATE TABLE `sensors_readings` (
  `id_sensor` int(11) DEFAULT NULL,
  `id_location` int(11) DEFAULT NULL,
  `reading_date` date DEFAULT NULL,
  `reading_hour` time DEFAULT NULL,
  `readings` float DEFAULT NULL
) ENGINE=InnoDB DEFAULT CHARSET=latin1;

--
-- Extraindo dados da tabela `sensors_readings`
--

INSERT INTO `sensors_readings` (`id_sensor`, `id_location`, `reading_date`, `reading_hour`, `readings`) VALUES
(1, 1, '2019-11-11', '18:03:55', 25),
(1, 1, '2019-11-11', '18:03:57', 25),
(1, 1, '2019-11-11', '18:03:58', 25),
(1, 1, '2019-11-11', '18:03:59', 25),
(1, 1, '2019-11-11', '18:03:59', 25),
(1, 1, '2019-11-11', '18:03:59', 25),
(1, 1, '2019-11-11', '18:03:59', 25),
(1, 1, '2019-11-11', '18:03:59', 25),
(1, 1, '2019-11-11', '18:04:00', 25),
(1, 1, '2019-11-11', '18:04:53', 25),
(1, 1, '2019-11-11', '18:05:27', 25),
(2, 1, '2019-11-11', '18:05:27', 80),
(3, 1, '2019-11-11', '18:05:27', 15),
(1, 1, '2019-11-11', '18:18:30', 45),
(2, 1, '2019-11-11', '18:18:30', 22.8),
(3, 1, '2019-11-11', '18:18:30', 1017.4),
(1, 1, '2019-11-11', '18:18:31', 45),
(2, 1, '2019-11-11', '18:18:31', 22.9),
(3, 1, '2019-11-11', '18:18:31', 1017.4),
(1, 1, '2019-11-11', '18:18:33', 45),
(2, 1, '2019-11-11', '18:18:33', 23),
(3, 1, '2019-11-11', '18:18:33', 1017.4),
(1, 1, '2019-11-11', '18:18:34', 45),
(2, 1, '2019-11-11', '18:18:34', 22.7),
(3, 1, '2019-11-11', '18:18:34', 1017.4),
(1, 1, '2019-11-11', '18:18:35', 45),
(2, 1, '2019-11-11', '18:18:35', 22.8),
(3, 1, '2019-11-11', '18:18:35', 1017.4),
(1, 1, '2019-11-11', '18:18:37', 45),
(2, 1, '2019-11-11', '18:18:37', 22.9),
(3, 1, '2019-11-11', '18:18:37', 1017.4),
(1, 1, '2019-11-11', '18:18:38', 45),
(2, 1, '2019-11-11', '18:18:38', 23),
(3, 1, '2019-11-11', '18:18:38', 1017.4),
(1, 1, '2019-11-11', '18:18:39', 45.1),
(2, 1, '2019-11-11', '18:18:39', 23),
(3, 1, '2019-11-11', '18:18:39', 1017.4),
(1, 1, '2019-11-11', '18:18:41', 45.1),
(2, 1, '2019-11-11', '18:18:41', 22.9),
(3, 1, '2019-11-11', '18:18:41', 1017.4),
(1, 1, '2019-11-11', '20:33:48', 25.1),
(2, 1, '2019-11-11', '20:33:48', 51),
(3, 1, '2019-11-11', '20:33:48', 1018.1),
(1, 1, '2019-11-11', '20:35:49', 24.5),
(2, 1, '2019-11-11', '20:35:49', 52.8),
(3, 1, '2019-11-11', '20:35:49', 1018.2),
(1, 1, '2019-11-11', '20:37:50', 24.6),
(2, 1, '2019-11-11', '20:37:50', 53.3),
(3, 1, '2019-11-11', '20:37:50', 1018.2),
(1, 1, '2019-11-11', '20:39:51', 25.1),
(2, 1, '2019-11-11', '20:39:51', 50.5),
(3, 1, '2019-11-11', '20:39:51', 1018.3),
(1, 1, '2019-11-11', '20:40:36', 25.1),
(2, 1, '2019-11-11', '20:40:36', 50.5),
(3, 1, '2019-11-11', '20:40:36', 1018.3),
(1, 1, '2019-11-11', '20:41:52', 24.5),
(2, 1, '2019-11-11', '20:41:52', 51.5),
(3, 1, '2019-11-11', '20:41:52', 1018.3),
(1, 1, '2019-11-11', '20:43:53', 23),
(2, 1, '2019-11-11', '20:43:53', 55.4),
(3, 1, '2019-11-11', '20:43:53', 1018.3),
(1, 1, '2019-11-11', '20:45:54', 22.9),
(2, 1, '2019-11-11', '20:45:54', 55.6),
(3, 1, '2019-11-11', '20:45:54', 1018.4),
(1, 1, '2019-11-11', '20:47:55', 23),
(2, 1, '2019-11-11', '20:47:55', 55),
(3, 1, '2019-11-11', '20:47:55', 1018.5),
(1, 1, '2019-11-11', '20:49:56', 23.5),
(2, 1, '2019-11-11', '20:49:56', 53.9),
(3, 1, '2019-11-11', '20:49:56', 1018.6),
(1, 1, '2019-11-11', '20:51:57', 24),
(2, 1, '2019-11-11', '20:51:57', 52.1),
(3, 1, '2019-11-11', '20:51:57', 1018.6),
(1, 1, '2019-11-11', '20:53:58', 24.3),
(2, 1, '2019-11-11', '20:53:58', 51.2),
(3, 1, '2019-11-11', '20:53:58', 1018.6),
(1, 1, '2019-11-11', '20:55:59', 24.4),
(2, 1, '2019-11-11', '20:55:59', 50.7),
(3, 1, '2019-11-11', '20:55:59', 1018.7),
(1, 1, '2019-11-11', '20:58:00', 24.5),
(2, 1, '2019-11-11', '20:58:00', 50.3),
(3, 1, '2019-11-11', '20:58:00', 1018.7),
(1, 1, '2019-11-11', '21:00:02', 24.5),
(2, 1, '2019-11-11', '21:00:02', 50.2),
(3, 1, '2019-11-11', '21:00:02', 1018.7),
(1, 1, '2019-11-11', '21:02:03', 24.5),
(2, 1, '2019-11-11', '21:02:03', 50.3),
(3, 1, '2019-11-11', '21:02:03', 1018.7),
(1, 1, '2019-11-11', '21:04:04', 24.6),
(2, 1, '2019-11-11', '21:04:04', 49.7),
(3, 1, '2019-11-11', '21:04:04', 1018.5),
(1, 1, '2019-11-11', '21:06:05', 24.9),
(2, 1, '2019-11-11', '21:06:05', 49.1),
(3, 1, '2019-11-11', '21:06:05', 1018.4),
(1, 1, '2019-11-11', '21:08:06', 24.8),
(2, 1, '2019-11-11', '21:08:06', 49.1),
(3, 1, '2019-11-11', '21:08:06', 1018.4),
(1, 1, '2019-11-11', '21:10:07', 24.9),
(2, 1, '2019-11-11', '21:10:07', 49.3),
(3, 1, '2019-11-11', '21:10:07', 1018.4),
(1, 1, '2019-11-11', '21:12:07', 24.6),
(2, 1, '2019-11-11', '21:12:07', 49.8),
(3, 1, '2019-11-11', '21:12:07', 1018.5),
(1, 1, '2019-11-11', '21:14:08', 24.5),
(2, 1, '2019-11-11', '21:14:08', 50),
(3, 1, '2019-11-11', '21:14:08', 1018.5),
(1, 1, '2019-11-11', '21:16:09', 24.5),
(2, 1, '2019-11-11', '21:16:09', 49.1),
(3, 1, '2019-11-11', '21:16:09', 1018.4),
(1, 1, '2019-11-11', '21:18:11', 24.5),
(2, 1, '2019-11-11', '21:18:11', 48.8),
(3, 1, '2019-11-11', '21:18:11', 1018.5),
(1, 1, '2019-11-11', '21:20:12', 24.4),
(2, 1, '2019-11-11', '21:20:12', 49),
(3, 1, '2019-11-11', '21:20:12', 1018.5),
(1, 1, '2019-11-11', '21:22:13', 24),
(2, 1, '2019-11-11', '21:22:13', 49.4),
(3, 1, '2019-11-11', '21:22:13', 1018.4),
(1, 1, '2019-11-11', '21:24:14', 24),
(2, 1, '2019-11-11', '21:24:14', 50),
(3, 1, '2019-11-11', '21:24:14', 1018.4),
(1, 1, '2019-11-11', '21:26:15', 24.4),
(2, 1, '2019-11-11', '21:26:15', 48.5),
(3, 1, '2019-11-11', '21:26:15', 1018.5),
(1, 1, '2019-11-11', '21:28:16', 24.7),
(2, 1, '2019-11-11', '21:28:16', 48.2),
(3, 1, '2019-11-11', '21:28:16', 1018.5),
(1, 1, '2019-11-11', '21:30:17', 24.9),
(2, 1, '2019-11-11', '21:30:17', 47.6),
(3, 1, '2019-11-11', '21:30:17', 1018.6),
(1, 1, '2019-11-11', '21:32:18', 25.1),
(2, 1, '2019-11-11', '21:32:18', 48.2),
(3, 1, '2019-11-11', '21:32:18', 1018.6),
(1, 1, '2019-11-11', '21:34:19', 25.2),
(2, 1, '2019-11-11', '21:34:19', 47),
(3, 1, '2019-11-11', '21:34:19', 1018.4),
(1, 1, '2019-11-11', '21:36:21', 25.3),
(2, 1, '2019-11-11', '21:36:21', 47),
(3, 1, '2019-11-11', '21:36:21', 1018.4),
(1, 1, '2019-11-11', '21:38:22', 25.7),
(2, 1, '2019-11-11', '21:38:22', 46.1),
(3, 1, '2019-11-11', '21:38:22', 1018.4),
(1, 1, '2019-11-11', '21:40:23', 25.7),
(2, 1, '2019-11-11', '21:40:23', 45.9),
(3, 1, '2019-11-11', '21:40:23', 1018.4),
(1, 1, '2019-11-11', '21:42:24', 25.7),
(2, 1, '2019-11-11', '21:42:24', 45.6),
(3, 1, '2019-11-11', '21:42:24', 1018.5),
(1, 1, '2019-11-11', '21:44:25', 25.6),
(2, 1, '2019-11-11', '21:44:25', 45.7),
(3, 1, '2019-11-11', '21:44:25', 1018.7),
(1, 1, '2019-11-11', '21:46:26', 25.7),
(2, 1, '2019-11-11', '21:46:26', 45.4),
(3, 1, '2019-11-11', '21:46:26', 1018.8),
(1, 1, '2019-11-11', '21:48:27', 25.5),
(2, 1, '2019-11-11', '21:48:27', 46.8),
(3, 1, '2019-11-11', '21:48:27', 1018.9),
(1, 1, '2019-11-11', '21:50:28', 25.5),
(2, 1, '2019-11-11', '21:50:28', 45.5),
(3, 1, '2019-11-11', '21:50:28', 1018.8),
(1, 1, '2019-11-11', '21:52:29', 25.5),
(2, 1, '2019-11-11', '21:52:29', 45.6),
(3, 1, '2019-11-11', '21:52:29', 1018.8),
(1, 1, '2019-11-11', '21:54:30', 25.5),
(2, 1, '2019-11-11', '21:54:30', 45.5),
(3, 1, '2019-11-11', '21:54:30', 1018.9),
(1, 1, '2019-11-11', '21:56:31', 25.3),
(2, 1, '2019-11-11', '21:56:31', 46.2),
(3, 1, '2019-11-11', '21:56:31', 1018.9),
(1, 1, '2019-11-11', '21:58:32', 25.2),
(2, 1, '2019-11-11', '21:58:32', 46.3),
(3, 1, '2019-11-11', '21:58:32', 1018.9),
(1, 1, '2019-11-11', '22:00:33', 25.4),
(2, 1, '2019-11-11', '22:00:33', 45.8),
(3, 1, '2019-11-11', '22:00:33', 1018.9),
(1, 1, '2019-11-11', '22:02:34', 25.5),
(2, 1, '2019-11-11', '22:02:34', 45.8),
(3, 1, '2019-11-11', '22:02:34', 1018.8),
(1, 1, '2019-11-11', '22:04:35', 25.4),
(2, 1, '2019-11-11', '22:04:35', 45.4),
(3, 1, '2019-11-11', '22:04:35', 1018.8),
(1, 1, '2019-11-13', '17:39:38', 42.3),
(2, 1, '2019-11-13', '17:39:38', 20.2),
(3, 1, '2019-11-13', '17:39:38', 1015.7),
(1, 1, '2019-11-13', '17:39:43', 42.3),
(2, 1, '2019-11-13', '17:39:43', 20.3),
(3, 1, '2019-11-13', '17:39:43', 1015.7),
(1, 1, '2019-11-13', '17:39:49', 42.3),
(2, 1, '2019-11-13', '17:39:49', 20.1),
(3, 1, '2019-11-13', '17:39:49', 1015.7),
(1, 1, '2019-11-13', '17:39:54', 42.3),
(2, 1, '2019-11-13', '17:39:54', 20.4),
(3, 1, '2019-11-13', '17:39:54', 1015.8),
(1, 1, '2019-11-13', '17:39:59', 42.3),
(2, 1, '2019-11-13', '17:39:59', 20.6),
(3, 1, '2019-11-13', '17:39:59', 1015.7),
(1, 1, '2019-11-13', '17:40:05', 42.3),
(2, 1, '2019-11-13', '17:40:05', 20.3),
(3, 1, '2019-11-13', '17:40:05', 1015.7),
(1, 1, '2019-11-13', '17:40:10', 42.3),
(2, 1, '2019-11-13', '17:40:10', 20.3),
(3, 1, '2019-11-13', '17:40:10', 1015.7),
(1, 1, '2019-11-13', '17:40:16', 42.3),
(2, 1, '2019-11-13', '17:40:16', 20),
(3, 1, '2019-11-13', '17:40:16', 1015.7),
(1, 1, '2019-11-13', '17:40:21', 42.3),
(2, 1, '2019-11-13', '17:40:21', 20.5),
(3, 1, '2019-11-13', '17:40:21', 1015.7),
(1, 1, '2019-11-13', '17:40:26', 42.3),
(2, 1, '2019-11-13', '17:40:26', 20.2),
(3, 1, '2019-11-13', '17:40:26', 1015.7),
(1, 1, '2019-11-13', '17:40:32', 42.3),
(2, 1, '2019-11-13', '17:40:32', 20.3),
(3, 1, '2019-11-13', '17:40:32', 1015.7),
(1, 1, '2019-11-13', '17:40:37', 42.3),
(2, 1, '2019-11-13', '17:40:37', 20.5),
(3, 1, '2019-11-13', '17:40:37', 1015.7),
(1, 1, '2019-11-13', '17:40:43', 42.4),
(2, 1, '2019-11-13', '17:40:43', 20.3),
(3, 1, '2019-11-13', '17:40:43', 1015.7),
(1, 1, '2019-11-13', '17:40:48', 42.4),
(2, 1, '2019-11-13', '17:40:48', 20.4),
(3, 1, '2019-11-13', '17:40:48', 1015.7),
(1, 1, '2019-11-13', '17:40:53', 42.4),
(2, 1, '2019-11-13', '17:40:53', 20.3),
(3, 1, '2019-11-13', '17:40:53', 1015.7),
(1, 1, '2019-11-13', '17:40:59', 42.4),
(2, 1, '2019-11-13', '17:40:59', 20.1),
(3, 1, '2019-11-13', '17:40:59', 1015.7),
(1, 1, '2019-11-13', '17:41:04', 42.4),
(2, 1, '2019-11-13', '17:41:04', 20.5),
(3, 1, '2019-11-13', '17:41:04', 1015.7),
(1, 1, '2019-11-13', '17:41:10', 42.4),
(2, 1, '2019-11-13', '17:41:10', 20.3),
(3, 1, '2019-11-13', '17:41:10', 1015.7),
(1, 1, '2019-11-13', '17:41:15', 42.4),
(2, 1, '2019-11-13', '17:41:15', 20.4),
(3, 1, '2019-11-13', '17:41:15', 1015.7),
(1, 1, '2019-11-13', '17:41:20', 42.4),
(2, 1, '2019-11-13', '17:41:20', 20.4),
(3, 1, '2019-11-13', '17:41:20', 1015.7),
(1, 1, '2019-11-13', '17:41:26', 42.4),
(2, 1, '2019-11-13', '17:41:26', 20.4),
(3, 1, '2019-11-13', '17:41:26', 1015.7),
(1, 1, '2019-11-13', '17:41:31', 42.4),
(2, 1, '2019-11-13', '17:41:31', 20.3),
(3, 1, '2019-11-13', '17:41:31', 1015.7),
(1, 1, '2019-11-13', '17:41:37', 42.4),
(2, 1, '2019-11-13', '17:41:37', 19.8),
(3, 1, '2019-11-13', '17:41:37', 1015.7),
(1, 1, '2019-11-13', '17:41:42', 42.4),
(2, 1, '2019-11-13', '17:41:42', 20.2),
(3, 1, '2019-11-13', '17:41:42', 1015.8),
(1, 1, '2019-11-13', '17:41:47', 42.4),
(2, 1, '2019-11-13', '17:41:47', 20.2),
(3, 1, '2019-11-13', '17:41:47', 1015.7),
(1, 3, '2019-11-13', '17:42:12', 42.4),
(2, 3, '2019-11-13', '17:42:12', 20.1),
(3, 3, '2019-11-13', '17:42:12', 1015.7),
(1, 3, '2019-11-13', '17:42:17', 42.4),
(2, 3, '2019-11-13', '17:42:17', 20.4),
(3, 3, '2019-11-13', '17:42:17', 1015.8),
(1, 3, '2019-11-13', '17:42:22', 42.4),
(2, 3, '2019-11-13', '17:42:22', 20.3),
(3, 3, '2019-11-13', '17:42:22', 1015.7),
(1, 3, '2019-11-13', '17:42:28', 42.4),
(2, 3, '2019-11-13', '17:42:28', 20.5),
(3, 3, '2019-11-13', '17:42:28', 1015.7),
(1, 3, '2019-11-13', '17:42:33', 42.4),
(2, 3, '2019-11-13', '17:42:33', 19.8),
(3, 3, '2019-11-13', '17:42:33', 1015.7),
(1, 3, '2019-11-13', '17:42:39', 42.4),
(2, 3, '2019-11-13', '17:42:39', 20),
(3, 3, '2019-11-13', '17:42:39', 1015.8),
(1, 3, '2019-11-13', '17:42:44', 42.4),
(2, 3, '2019-11-13', '17:42:44', 20.2),
(3, 3, '2019-11-13', '17:42:44', 1015.8),
(1, 3, '2019-11-13', '17:42:49', 42.4),
(2, 3, '2019-11-13', '17:42:49', 20.1),
(3, 3, '2019-11-13', '17:42:49', 1015.8),
(1, 3, '2019-11-13', '17:42:55', 42.4),
(2, 3, '2019-11-13', '17:42:55', 20.1),
(3, 3, '2019-11-13', '17:42:55', 1015.7),
(1, 3, '2019-11-13', '17:43:00', 42.4),
(2, 3, '2019-11-13', '17:43:00', 20),
(3, 3, '2019-11-13', '17:43:00', 1015.7),
(1, 3, '2019-11-13', '17:43:06', 42.4),
(2, 3, '2019-11-13', '17:43:06', 20.2),
(3, 3, '2019-11-13', '17:43:06', 1015.8),
(1, 1, '2019-11-25', '10:09:25', 25),
(1, 1, '2019-11-25', '10:10:25', 26),
(1, 1, '2019-11-25', '10:09:25', 25),
(1, 1, '2019-11-25', '10:10:25', 26),
(1, 1, '2020-02-18', '15:31:56', 25.9),
(2, 1, '2020-02-18', '15:31:56', 33.6),
(3, 1, '2020-02-18', '15:31:56', 1027.63),
(4, 1, '2020-02-18', '15:31:56', 47668),
(1, 1, '2020-02-18', '15:32:01', 25.9),
(2, 1, '2020-02-18', '15:32:01', 33.5),
(3, 1, '2020-02-18', '15:32:01', 1027.64),
(4, 1, '2020-02-18', '15:32:01', 32008),
(1, 1, '2020-02-18', '15:33:25', 26.6),
(2, 1, '2020-02-18', '15:33:25', 33.1),
(3, 1, '2020-02-18', '15:33:25', 1027.63),
(4, 1, '2020-02-18', '15:33:25', 72428),
(1, 1, '2020-02-18', '15:33:31', 26.7),
(2, 1, '2020-02-18', '15:33:31', 33.6),
(3, 1, '2020-02-18', '15:33:31', 1027.63),
(4, 1, '2020-02-18', '15:33:31', 38963),
(1, 1, '2020-02-18', '15:33:36', 26.7),
(2, 1, '2020-02-18', '15:33:36', 33.5),
(3, 1, '2020-02-18', '15:33:36', 1027.62),
(4, 1, '2020-02-18', '15:33:36', 44552),
(1, 1, '2020-02-18', '15:33:41', 26.7),
(2, 1, '2020-02-18', '15:33:41', 33.1),
(3, 1, '2020-02-18', '15:33:41', 1027.61),
(4, 1, '2020-02-18', '15:33:41', 50250),
(1, 1, '2020-02-18', '16:00:12', 27.4),
(2, 1, '2020-02-18', '16:00:12', 31.2),
(3, 1, '2020-02-18', '16:00:12', 1027.59),
(4, 1, '2020-02-18', '16:00:12', 54985),
(1, 1, '2020-02-18', '16:00:24', 27.4),
(2, 1, '2020-02-18', '16:00:24', 31),
(3, 1, '2020-02-18', '16:00:24', 1027.59),
(4, 1, '2020-02-18', '16:00:24', 37795),
(1, 1, '2020-02-18', '16:00:30', 27.4),
(2, 1, '2020-02-18', '16:00:30', 30.9),
(3, 1, '2020-02-18', '16:00:30', 1027.59),
(4, 1, '2020-02-18', '16:00:30', 48428),
(1, 1, '2020-02-18', '16:00:35', 27.4),
(2, 1, '2020-02-18', '16:00:35', 30.9),
(3, 1, '2020-02-18', '16:00:35', 1027.59),
(4, 1, '2020-02-18', '16:00:35', 54441),
(1, 1, '2020-02-18', '16:00:40', 27.4),
(2, 1, '2020-02-18', '16:00:40', 30.9),
(3, 1, '2020-02-18', '16:00:40', 1027.6),
(4, 1, '2020-02-18', '16:00:40', 59275),
(1, 1, '2020-02-18', '16:00:45', 27.4),
(2, 1, '2020-02-18', '16:00:45', 30.9),
(3, 1, '2020-02-18', '16:00:45', 1027.6),
(4, 1, '2020-02-18', '16:00:45', 62247),
(1, 1, '2020-02-18', '16:00:35', 27.4),
(2, 1, '2020-02-18', '16:00:35', 30.9),
(3, 1, '2020-02-18', '16:00:35', 1027.59),
(4, 1, '2020-02-18', '16:00:35', 54441),
(1, 1, '2020-02-18', '16:00:35', 27.4),
(1, 1, '2020-03-02', '10:55:53', 43.8),
(2, 1, '2020-03-02', '10:55:53', 22.9),
(3, 1, '2020-03-02', '10:55:53', 1018.7),
(4, 1, '2020-03-02', '10:55:53', 79844),
(1, 1, '2020-03-02', '10:55:58', 43.8),
(2, 1, '2020-03-02', '10:55:58', 22.9),
(3, 1, '2020-03-02', '10:55:58', 1018.71),
(4, 1, '2020-03-02', '10:55:58', 80061),
(1, 1, '2020-03-02', '10:56:03', 43.8),
(2, 1, '2020-03-02', '10:56:03', 22.8),
(3, 1, '2020-03-02', '10:56:03', 1018.71),
(4, 1, '2020-03-02', '10:56:03', 80647),
(1, 1, '2020-03-02', '11:04:54', 40.8),
(2, 1, '2020-03-02', '11:04:54', 23.3),
(3, 1, '2020-03-02', '11:04:54', 1019.02),
(4, 1, '2020-03-02', '11:04:54', 18545),
(1, 1, '2020-03-02', '11:05:05', 40.3),
(2, 1, '2020-03-02', '11:05:05', 24.5),
(3, 1, '2020-03-02', '11:05:05', 1019.03),
(4, 1, '2020-03-02', '11:05:05', 26944),
(1, 1, '2020-03-02', '11:05:10', 40),
(2, 1, '2020-03-02', '11:05:10', 25.1),
(3, 1, '2020-03-02', '11:05:10', 1019.02),
(4, 1, '2020-03-02', '11:05:10', 39381),
(1, 1, '2020-03-02', '11:05:15', 39.6),
(2, 1, '2020-03-02', '11:05:15', 25.7),
(3, 1, '2020-03-02', '11:05:15', 1019.03),
(4, 1, '2020-03-02', '11:05:15', 51125),
(1, 1, '2020-03-02', '11:05:21', 39.1),
(2, 1, '2020-03-02', '11:05:21', 26.4),
(3, 1, '2020-03-02', '11:05:21', 1019.03),
(4, 1, '2020-03-02', '11:05:21', 59235),
(1, 1, '2020-03-02', '11:05:26', 38.7),
(2, 1, '2020-03-02', '11:05:26', 27),
(3, 1, '2020-03-02', '11:05:26', 1019.03),
(4, 1, '2020-03-02', '11:05:26', 65583),
(1, 1, '2020-03-02', '11:05:31', 38.2),
(2, 1, '2020-03-02', '11:05:31', 27.6),
(3, 1, '2020-03-02', '11:05:31', 1019.02),
(4, 1, '2020-03-02', '11:05:31', 70742),
(1, 1, '2020-03-02', '11:05:36', 37.8),
(2, 1, '2020-03-02', '11:05:36', 28.1),
(3, 1, '2020-03-02', '11:05:36', 1019.02),
(4, 1, '2020-03-02', '11:05:36', 75403),
(1, 1, '2020-03-02', '11:05:42', 37.4),
(2, 1, '2020-03-02', '11:05:42', 28.7),
(3, 1, '2020-03-02', '11:05:42', 1019.02),
(4, 1, '2020-03-02', '11:05:42', 78914),
(1, 1, '2020-03-02', '11:05:47', 37),
(2, 1, '2020-03-02', '11:05:47', 29.2),
(3, 1, '2020-03-02', '11:05:47', 1019.04),
(4, 1, '2020-03-02', '11:05:47', 82228),
(1, 1, '2020-03-02', '11:05:52', 36.6),
(2, 1, '2020-03-02', '11:05:52', 29.7),
(3, 1, '2020-03-02', '11:05:52', 1019.04),
(4, 1, '2020-03-02', '11:05:52', 85250),
(1, 1, '2020-03-02', '11:05:57', 36.2),
(2, 1, '2020-03-02', '11:05:57', 30.2),
(3, 1, '2020-03-02', '11:05:57', 1019.04),
(4, 1, '2020-03-02', '11:05:57', 87277),
(1, 1, '2020-03-02', '11:06:03', 35.8),
(2, 1, '2020-03-02', '11:06:03', 30.7),
(3, 1, '2020-03-02', '11:06:03', 1019.04),
(4, 1, '2020-03-02', '11:06:03', 88950),
(1, 1, '2020-03-02', '11:06:08', 35.5),
(2, 1, '2020-03-02', '11:06:08', 31.1),
(3, 1, '2020-03-02', '11:06:08', 1019.04),
(4, 1, '2020-03-02', '11:06:08', 90971),
(1, 1, '2020-03-02', '11:06:13', 35.1),
(2, 1, '2020-03-02', '11:06:13', 31.5),
(3, 1, '2020-03-02', '11:06:13', 1019.05),
(4, 1, '2020-03-02', '11:06:13', 92693),
(1, 1, '2020-03-02', '11:06:18', 34.8),
(2, 1, '2020-03-02', '11:06:18', 32),
(3, 1, '2020-03-02', '11:06:18', 1019.06),
(4, 1, '2020-03-02', '11:06:18', 96894),
(1, 1, '2020-03-02', '11:06:24', 34.5),
(2, 1, '2020-03-02', '11:06:24', 32.4),
(3, 1, '2020-03-02', '11:06:24', 1019.06),
(4, 1, '2020-03-02', '11:06:24', 98684),
(1, 1, '2020-03-02', '11:06:29', 34.2),
(2, 1, '2020-03-02', '11:06:29', 32.9),
(3, 1, '2020-03-02', '11:06:29', 1019.06),
(4, 1, '2020-03-02', '11:06:29', 100887),
(1, 1, '2020-03-02', '11:06:34', 33.9),
(2, 1, '2020-03-02', '11:06:34', 33.3),
(3, 1, '2020-03-02', '11:06:34', 1019.06),
(4, 1, '2020-03-02', '11:06:34', 101468),
(1, 1, '2020-03-02', '11:06:39', 33.6),
(2, 1, '2020-03-02', '11:06:39', 33.8),
(3, 1, '2020-03-02', '11:06:39', 1019.07),
(4, 1, '2020-03-02', '11:06:39', 102770),
(1, 1, '2020-03-02', '11:09:14', 29.2),
(2, 1, '2020-03-02', '11:09:14', 44.7),
(3, 1, '2020-03-02', '11:09:14', 1019.24),
(4, 1, '2020-03-02', '11:09:14', 79844),
(1, 1, '2020-03-02', '11:09:25', 29),
(2, 1, '2020-03-02', '11:09:25', 43.3),
(3, 1, '2020-03-02', '11:09:25', 1019.23),
(4, 1, '2020-03-02', '11:09:25', 58064),
(1, 1, '2020-03-02', '11:09:31', 28.9),
(2, 1, '2020-03-02', '11:09:31', 43.2),
(3, 1, '2020-03-02', '11:09:31', 1019.23),
(4, 1, '2020-03-02', '11:09:31', 72191),
(1, 1, '2020-03-02', '11:09:36', 28.8),
(2, 1, '2020-03-02', '11:09:36', 43.3),
(3, 1, '2020-03-02', '11:09:36', 1019.23),
(4, 1, '2020-03-02', '11:09:36', 80944),
(1, 1, '2020-03-02', '11:09:41', 28.6),
(2, 1, '2020-03-02', '11:09:41', 43.8),
(3, 1, '2020-03-02', '11:09:41', 1019.24),
(4, 1, '2020-03-02', '11:09:41', 86421),
(1, 1, '2020-03-02', '11:09:46', 28.5),
(2, 1, '2020-03-02', '11:09:46', 44.5),
(3, 1, '2020-03-02', '11:09:46', 1019.27),
(4, 1, '2020-03-02', '11:09:46', 90503),
(1, 1, '2020-03-02', '11:09:52', 28.3),
(2, 1, '2020-03-02', '11:09:52', 44.8),
(3, 1, '2020-03-02', '11:09:52', 1019.26),
(4, 1, '2020-03-02', '11:09:52', 96259),
(1, 1, '2020-03-02', '11:09:57', 28.2),
(2, 1, '2020-03-02', '11:09:57', 45.1),
(3, 1, '2020-03-02', '11:09:57', 1019.25),
(4, 1, '2020-03-02', '11:09:57', 99128),
(1, 1, '2020-03-02', '11:10:02', 28.1),
(2, 1, '2020-03-02', '11:10:02', 45.5),
(3, 1, '2020-03-02', '11:10:02', 1019.24),
(4, 1, '2020-03-02', '11:10:02', 115726),
(1, 1, '2020-03-02', '11:10:08', 27.9),
(2, 1, '2020-03-02', '11:10:08', 45.5),
(3, 1, '2020-03-02', '11:10:08', 1019.23),
(4, 1, '2020-03-02', '11:10:08', 110502),
(1, 1, '2020-03-02', '11:10:13', 27.7),
(2, 1, '2020-03-02', '11:10:13', 45.8),
(3, 1, '2020-03-02', '11:10:13', 1019.23),
(4, 1, '2020-03-02', '11:10:13', 109676),
(1, 1, '2020-03-02', '11:10:18', 27.5),
(2, 1, '2020-03-02', '11:10:18', 46.2),
(3, 1, '2020-03-02', '11:10:18', 1019.22),
(4, 1, '2020-03-02', '11:10:18', 110640),
(1, 1, '2020-03-02', '11:10:23', 27.3),
(2, 1, '2020-03-02', '11:10:23', 46.6),
(3, 1, '2020-03-02', '11:10:23', 1019.25),
(4, 1, '2020-03-02', '11:10:23', 110087),
(1, 1, '2020-03-02', '11:10:29', 27.2),
(2, 1, '2020-03-02', '11:10:29', 46.9),
(3, 1, '2020-03-02', '11:10:29', 1019.23),
(4, 1, '2020-03-02', '11:10:29', 111129),
(1, 1, '2020-03-02', '11:10:34', 27),
(2, 1, '2020-03-02', '11:10:34', 47.3),
(3, 1, '2020-03-02', '11:10:34', 1019.23),
(4, 1, '2020-03-02', '11:10:34', 111059),
(1, 1, '2020-03-02', '11:10:39', 26.9),
(2, 1, '2020-03-02', '11:10:39', 47.6),
(3, 1, '2020-03-02', '11:10:39', 1019.23),
(4, 1, '2020-03-02', '11:10:39', 112476),
(1, 1, '2020-03-02', '11:10:44', 26.7),
(2, 1, '2020-03-02', '11:10:44', 48),
(3, 1, '2020-03-02', '11:10:44', 1019.23),
(4, 1, '2020-03-02', '11:10:44', 113563),
(1, 1, '2020-03-02', '11:10:50', 26.6),
(2, 1, '2020-03-02', '11:10:50', 48.2),
(3, 1, '2020-03-02', '11:10:50', 1019.22),
(4, 1, '2020-03-02', '11:10:50', 113563),
(1, 1, '2020-03-02', '11:10:55', 26.5),
(2, 1, '2020-03-02', '11:10:55', 48.5),
(3, 1, '2020-03-02', '11:10:55', 1019.21),
(4, 1, '2020-03-02', '11:10:55', 114597),
(1, 1, '2020-03-02', '11:11:00', 26.4),
(2, 1, '2020-03-02', '11:11:00', 48.7),
(3, 1, '2020-03-02', '11:11:00', 1019.22),
(4, 1, '2020-03-02', '11:11:00', 115650),
(1, 1, '2020-03-02', '11:11:05', 26.2),
(2, 1, '2020-03-02', '11:11:05', 49),
(3, 1, '2020-03-02', '11:11:05', 1019.22),
(4, 1, '2020-03-02', '11:11:05', 115271),
(1, 1, '2020-03-02', '11:11:11', 26.1),
(2, 1, '2020-03-02', '11:11:11', 49.3),
(3, 1, '2020-03-02', '11:11:11', 1019.22),
(4, 1, '2020-03-02', '11:11:11', 116260),
(1, 1, '2020-03-02', '11:11:16', 26),
(2, 1, '2020-03-02', '11:11:16', 49.6),
(3, 1, '2020-03-02', '11:11:16', 1019.23),
(4, 1, '2020-03-02', '11:11:16', 115954),
(1, 1, '2020-03-02', '11:11:21', 26),
(2, 1, '2020-03-02', '11:11:21', 49.8),
(3, 1, '2020-03-02', '11:11:21', 1019.23),
(4, 1, '2020-03-02', '11:11:21', 116954),
(1, 1, '2020-03-02', '11:11:26', 25.9),
(2, 1, '2020-03-02', '11:11:26', 50.1),
(3, 1, '2020-03-02', '11:11:26', 1019.23),
(4, 1, '2020-03-02', '11:11:26', 116877),
(1, 1, '2020-03-02', '11:11:32', 25.8),
(2, 1, '2020-03-02', '11:11:32', 50.3),
(3, 1, '2020-03-02', '11:11:32', 1019.23),
(4, 1, '2020-03-02', '11:11:32', 118289),
(1, 1, '2020-03-02', '11:11:37', 25.7),
(2, 1, '2020-03-02', '11:11:37', 50.5),
(3, 1, '2020-03-02', '11:11:37', 1019.23),
(4, 1, '2020-03-02', '11:11:37', 118368),
(1, 1, '2020-03-02', '11:11:42', 25.7),
(2, 1, '2020-03-02', '11:11:42', 50.8),
(3, 1, '2020-03-02', '11:11:42', 1019.23),
(4, 1, '2020-03-02', '11:11:42', 118209),
(1, 1, '2020-03-02', '11:11:48', 25.6),
(2, 1, '2020-03-02', '11:11:48', 51),
(3, 1, '2020-03-02', '11:11:48', 1019.23),
(4, 1, '2020-03-02', '11:11:48', 118527),
(1, 1, '2020-03-02', '11:11:53', 25.5),
(2, 1, '2020-03-02', '11:11:53', 51.1),
(3, 1, '2020-03-02', '11:11:53', 1019.22),
(4, 1, '2020-03-02', '11:11:53', 118927),
(1, 1, '2020-03-02', '11:11:58', 25.5),
(2, 1, '2020-03-02', '11:11:58', 51.2),
(3, 1, '2020-03-02', '11:11:58', 1019.22),
(4, 1, '2020-03-02', '11:11:58', 118687),
(1, 1, '2020-03-02', '11:12:04', 25.6),
(2, 1, '2020-03-02', '11:12:04', 51.5),
(3, 1, '2020-03-02', '11:12:04', 1019.22),
(4, 1, '2020-03-02', '11:12:04', 134645),
(1, 1, '2020-03-02', '11:12:09', 25.5),
(2, 1, '2020-03-02', '11:12:09', 51.4),
(3, 1, '2020-03-02', '11:12:09', 1019.22),
(4, 1, '2020-03-02', '11:12:09', 125983),
(1, 1, '2020-03-02', '11:12:14', 25.4),
(2, 1, '2020-03-02', '11:12:14', 51.6),
(3, 1, '2020-03-02', '11:12:14', 1019.23),
(4, 1, '2020-03-02', '11:12:14', 123252),
(1, 1, '2020-03-02', '11:12:19', 25.4),
(2, 1, '2020-03-02', '11:12:19', 51.8),
(3, 1, '2020-03-02', '11:12:19', 1019.22),
(4, 1, '2020-03-02', '11:12:19', 122481),
(1, 1, '2020-03-02', '11:12:25', 25.3),
(2, 1, '2020-03-02', '11:12:25', 51.9),
(3, 1, '2020-03-02', '11:12:25', 1019.23),
(4, 1, '2020-03-02', '11:12:25', 121636),
(1, 1, '2020-03-02', '11:12:30', 25.3),
(2, 1, '2020-03-02', '11:12:30', 52.1),
(3, 1, '2020-03-02', '11:12:30', 1019.24),
(4, 1, '2020-03-02', '11:12:30', 122311),
(1, 1, '2020-03-02', '11:12:35', 25.2),
(2, 1, '2020-03-02', '11:12:35', 52.2),
(3, 1, '2020-03-02', '11:12:35', 1019.25),
(4, 1, '2020-03-02', '11:12:35', 122141),
(1, 1, '2020-03-02', '11:12:40', 25.2),
(2, 1, '2020-03-02', '11:12:40', 52.3),
(3, 1, '2020-03-02', '11:12:40', 1019.25),
(4, 1, '2020-03-02', '11:12:40', 122311),
(1, 1, '2020-03-02', '11:12:46', 25.1),
(2, 1, '2020-03-02', '11:12:46', 52.4),
(3, 1, '2020-03-02', '11:12:46', 1019.25),
(4, 1, '2020-03-02', '11:12:46', 122057),
(1, 1, '2020-03-02', '11:12:51', 25.1),
(2, 1, '2020-03-02', '11:12:51', 52.4),
(3, 1, '2020-03-02', '11:12:51', 1019.25),
(4, 1, '2020-03-02', '11:12:51', 122908),
(1, 1, '2020-03-02', '11:12:56', 25.1),
(2, 1, '2020-03-02', '11:12:56', 52.5),
(3, 1, '2020-03-02', '11:12:56', 1019.26),
(4, 1, '2020-03-02', '11:12:56', 122566),
(1, 1, '2020-03-02', '11:13:02', 25.2),
(2, 1, '2020-03-02', '11:13:02', 52.7),
(3, 1, '2020-03-02', '11:13:02', 1019.26),
(4, 1, '2020-03-02', '11:13:02', 137803),
(1, 1, '2020-03-02', '11:13:07', 25.1),
(2, 1, '2020-03-02', '11:13:07', 52.6),
(3, 1, '2020-03-02', '11:13:07', 1019.26),
(4, 1, '2020-03-02', '11:13:07', 126890),
(1, 1, '2020-03-02', '11:13:12', 25.1),
(2, 1, '2020-03-02', '11:13:12', 52.8),
(3, 1, '2020-03-02', '11:13:12', 1019.26),
(4, 1, '2020-03-02', '11:13:12', 126981),
(1, 1, '2020-03-02', '11:13:17', 25),
(2, 1, '2020-03-02', '11:13:17', 52.8),
(3, 1, '2020-03-02', '11:13:17', 1019.26),
(4, 1, '2020-03-02', '11:13:17', 124823),
(1, 1, '2020-03-02', '11:13:23', 25),
(2, 1, '2020-03-02', '11:13:23', 52.8),
(3, 1, '2020-03-02', '11:13:23', 1019.26),
(4, 1, '2020-03-02', '11:13:23', 125534),
(1, 1, '2020-03-02', '11:13:28', 24.9),
(2, 1, '2020-03-02', '11:13:28', 52.8),
(3, 1, '2020-03-02', '11:13:28', 1019.26),
(4, 1, '2020-03-02', '11:13:28', 123597),
(1, 1, '2020-03-02', '11:13:33', 24.9),
(2, 1, '2020-03-02', '11:13:33', 52.9),
(3, 1, '2020-03-02', '11:13:33', 1019.26),
(4, 1, '2020-03-02', '11:13:33', 125000),
(1, 1, '2020-03-02', '11:13:38', 24.8),
(2, 1, '2020-03-02', '11:13:38', 53),
(3, 1, '2020-03-02', '11:13:38', 1019.25),
(4, 1, '2020-03-02', '11:13:38', 123511),
(1, 1, '2020-03-02', '11:13:44', 24.8),
(2, 1, '2020-03-02', '11:13:44', 53.2),
(3, 1, '2020-03-02', '11:13:44', 1019.26),
(4, 1, '2020-03-02', '11:13:44', 123080),
(1, 1, '2020-03-02', '11:13:49', 24.8),
(2, 1, '2020-03-02', '11:13:49', 53.3),
(3, 1, '2020-03-02', '11:13:49', 1019.26),
(4, 1, '2020-03-02', '11:13:49', 123684),
(1, 1, '2020-03-02', '11:13:54', 24.7),
(2, 1, '2020-03-02', '11:13:54', 53.4),
(3, 1, '2020-03-02', '11:13:54', 1019.26),
(4, 1, '2020-03-02', '11:13:54', 123166),
(1, 1, '2020-03-02', '11:13:59', 24.7),
(2, 1, '2020-03-02', '11:13:59', 53.5),
(3, 1, '2020-03-02', '11:13:59', 1019.26),
(4, 1, '2020-03-02', '11:13:59', 123252),
(1, 1, '2020-03-02', '11:14:05', 24.7),
(2, 1, '2020-03-02', '11:14:05', 53.6),
(3, 1, '2020-03-02', '11:14:05', 1019.27),
(4, 1, '2020-03-02', '11:14:05', 124911),
(1, 1, '2020-03-02', '11:14:10', 24.7),
(2, 1, '2020-03-02', '11:14:10', 53.7),
(3, 1, '2020-03-02', '11:14:10', 1019.27),
(4, 1, '2020-03-02', '11:14:10', 123684),
(1, 1, '2020-03-02', '11:14:16', 24.8),
(2, 1, '2020-03-02', '11:14:16', 53.9),
(3, 1, '2020-03-02', '11:14:16', 1019.29),
(4, 1, '2020-03-02', '11:14:16', 139992),
(1, 1, '2020-03-02', '11:14:21', 24.8),
(2, 1, '2020-03-02', '11:14:21', 53.8),
(3, 1, '2020-03-02', '11:14:21', 1019.29),
(4, 1, '2020-03-02', '11:14:21', 129500),
(1, 1, '2020-03-02', '11:14:26', 24.7),
(2, 1, '2020-03-02', '11:14:26', 54),
(3, 1, '2020-03-02', '11:14:26', 1019.28),
(4, 1, '2020-03-02', '11:14:26', 127440),
(1, 1, '2020-03-02', '11:14:31', 24.7),
(2, 1, '2020-03-02', '11:14:31', 54),
(3, 1, '2020-03-02', '11:14:31', 1019.29),
(4, 1, '2020-03-02', '11:14:31', 127440),
(1, 1, '2020-03-02', '11:14:37', 24.7),
(2, 1, '2020-03-02', '11:14:37', 54.1),
(3, 1, '2020-03-02', '11:14:37', 1019.28),
(4, 1, '2020-03-02', '11:14:37', 125534),
(1, 1, '2020-03-02', '11:14:42', 24.6),
(2, 1, '2020-03-02', '11:14:42', 54.2),
(3, 1, '2020-03-02', '11:14:42', 1019.29),
(4, 1, '2020-03-02', '11:14:42', 126435),
(1, 1, '2020-03-02', '11:14:47', 24.6),
(2, 1, '2020-03-02', '11:14:47', 54.2),
(3, 1, '2020-03-02', '11:14:47', 1019.28),
(4, 1, '2020-03-02', '11:14:47', 126981),
(1, 1, '2020-03-02', '11:14:52', 24.6),
(2, 1, '2020-03-02', '11:14:52', 54.2),
(3, 1, '2020-03-02', '11:14:52', 1019.28),
(4, 1, '2020-03-02', '11:14:52', 126254),
(1, 1, '2020-03-02', '11:14:58', 24.6),
(2, 1, '2020-03-02', '11:14:58', 54.3),
(3, 1, '2020-03-02', '11:14:58', 1019.27),
(4, 1, '2020-03-02', '11:14:58', 127073),
(1, 1, '2020-03-02', '11:15:03', 24.6),
(2, 1, '2020-03-02', '11:15:03', 54.3),
(3, 1, '2020-03-02', '11:15:03', 1019.27),
(4, 1, '2020-03-02', '11:15:03', 125624),
(1, 1, '2020-03-02', '11:15:08', 24.5),
(2, 1, '2020-03-02', '11:15:08', 54.4),
(3, 1, '2020-03-02', '11:15:08', 1019.27),
(4, 1, '2020-03-02', '11:15:08', 126254),
(1, 1, '2020-03-02', '11:15:13', 24.5),
(2, 1, '2020-03-02', '11:15:13', 54.4),
(3, 1, '2020-03-02', '11:15:13', 1019.26),
(4, 1, '2020-03-02', '11:15:13', 124646),
(1, 1, '2020-03-02', '11:15:19', 24.5),
(2, 1, '2020-03-02', '11:15:19', 54.4),
(3, 1, '2020-03-02', '11:15:19', 1019.26),
(4, 1, '2020-03-02', '11:15:19', 126616),
(1, 1, '2020-03-02', '11:15:24', 24.5),
(2, 1, '2020-03-02', '11:15:24', 54.3),
(3, 1, '2020-03-02', '11:15:24', 1019.27),
(4, 1, '2020-03-02', '11:15:24', 125534),
(1, 1, '2020-03-02', '11:15:29', 24.5),
(2, 1, '2020-03-02', '11:15:29', 54.3),
(3, 1, '2020-03-02', '11:15:29', 1019.26),
(4, 1, '2020-03-02', '11:15:29', 125624),
(1, 1, '2020-03-02', '11:15:34', 24.5),
(2, 1, '2020-03-02', '11:15:34', 54.3),
(3, 1, '2020-03-02', '11:15:34', 1019.27),
(4, 1, '2020-03-02', '11:15:34', 127165),
(1, 1, '2020-03-02', '11:15:40', 24.5),
(2, 1, '2020-03-02', '11:15:40', 54.3),
(3, 1, '2020-03-02', '11:15:40', 1019.27),
(4, 1, '2020-03-02', '11:15:40', 125356),
(1, 1, '2020-03-02', '11:15:45', 24.5),
(2, 1, '2020-03-02', '11:15:45', 54.3),
(3, 1, '2020-03-02', '11:15:45', 1019.26),
(4, 1, '2020-03-02', '11:15:45', 125803),
(1, 1, '2020-03-02', '11:15:50', 24.5),
(2, 1, '2020-03-02', '11:15:50', 54.3),
(3, 1, '2020-03-02', '11:15:50', 1019.27),
(4, 1, '2020-03-02', '11:15:50', 126981),
(1, 1, '2020-03-02', '11:15:55', 24.5),
(2, 1, '2020-03-02', '11:15:55', 54.3),
(3, 1, '2020-03-02', '11:15:55', 1019.27),
(4, 1, '2020-03-02', '11:15:55', 125803),
(1, 1, '2020-03-02', '11:16:01', 24.4),
(2, 1, '2020-03-02', '11:16:01', 54.4),
(3, 1, '2020-03-02', '11:16:01', 1019.28),
(4, 1, '2020-03-02', '11:16:01', 127073),
(1, 1, '2020-03-02', '11:16:06', 24.4),
(2, 1, '2020-03-02', '11:16:06', 54.5),
(3, 1, '2020-03-02', '11:16:06', 1019.28),
(4, 1, '2020-03-02', '11:16:06', 125803),
(1, 1, '2020-03-02', '11:16:11', 24.4),
(2, 1, '2020-03-02', '11:16:11', 54.5),
(3, 1, '2020-03-02', '11:16:11', 1019.28),
(4, 1, '2020-03-02', '11:16:11', 126344),
(1, 1, '2020-03-02', '11:16:16', 24.4),
(2, 1, '2020-03-02', '11:16:16', 54.6),
(3, 1, '2020-03-02', '11:16:16', 1019.28),
(4, 1, '2020-03-02', '11:16:16', 126525),
(1, 1, '2020-03-02', '11:16:22', 24.4),
(2, 1, '2020-03-02', '11:16:22', 54.6),
(3, 1, '2020-03-02', '11:16:22', 1019.28),
(4, 1, '2020-03-02', '11:16:22', 126707),
(1, 1, '2020-03-02', '11:16:27', 24.4),
(2, 1, '2020-03-02', '11:16:27', 54.7),
(3, 1, '2020-03-02', '11:16:27', 1019.29),
(4, 1, '2020-03-02', '11:16:27', 126254),
(1, 1, '2020-03-02', '11:16:32', 24.4),
(2, 1, '2020-03-02', '11:16:32', 54.8),
(3, 1, '2020-03-02', '11:16:32', 1019.29),
(4, 1, '2020-03-02', '11:16:32', 125983),
(1, 1, '2020-03-02', '11:16:38', 24.6),
(2, 1, '2020-03-02', '11:16:38', 54.9),
(3, 1, '2020-03-02', '11:16:38', 1019.3),
(4, 1, '2020-03-02', '11:16:38', 143293),
(1, 1, '2020-03-02', '11:16:43', 24.6),
(2, 1, '2020-03-02', '11:16:43', 54.8),
(3, 1, '2020-03-02', '11:16:43', 1019.3),
(4, 1, '2020-03-02', '11:16:43', 134337),
(1, 1, '2020-03-02', '11:16:48', 24.5),
(2, 1, '2020-03-02', '11:16:48', 54.8),
(3, 1, '2020-03-02', '11:16:48', 1019.29),
(4, 1, '2020-03-02', '11:16:48', 130170),
(1, 1, '2020-03-02', '11:16:53', 24.5),
(2, 1, '2020-03-02', '11:16:53', 54.8),
(3, 1, '2020-03-02', '11:16:53', 1019.33),
(4, 1, '2020-03-02', '11:16:53', 129121),
(1, 1, '2020-03-02', '11:16:59', 24.4),
(2, 1, '2020-03-02', '11:16:59', 54.8),
(3, 1, '2020-03-02', '11:16:59', 1019.32),
(4, 1, '2020-03-02', '11:16:59', 128650),
(1, 1, '2020-03-02', '11:17:04', 24.6),
(2, 1, '2020-03-02', '11:17:04', 54.8),
(3, 1, '2020-03-02', '11:17:04', 1019.33),
(4, 1, '2020-03-02', '11:17:04', 146509),
(1, 1, '2020-03-02', '11:17:09', 24.6),
(2, 1, '2020-03-02', '11:17:09', 54.7),
(3, 1, '2020-03-02', '11:17:09', 1019.32),
(4, 1, '2020-03-02', '11:17:09', 136311),
(1, 1, '2020-03-02', '11:17:15', 24.5),
(2, 1, '2020-03-02', '11:17:15', 54.7),
(3, 1, '2020-03-02', '11:17:15', 1019.31),
(4, 1, '2020-03-02', '11:17:15', 131825),
(1, 1, '2020-03-02', '11:17:20', 24.5),
(2, 1, '2020-03-02', '11:17:20', 54.8),
(3, 1, '2020-03-02', '11:17:20', 1019.32),
(4, 1, '2020-03-02', '11:17:20', 130074),
(1, 1, '2020-03-02', '11:17:25', 24.4),
(2, 1, '2020-03-02', '11:17:25', 54.9),
(3, 1, '2020-03-02', '11:17:25', 1019.32),
(4, 1, '2020-03-02', '11:17:25', 129216),
(1, 1, '2020-03-02', '11:17:31', 24.4),
(2, 1, '2020-03-02', '11:17:31', 54.9),
(3, 1, '2020-03-02', '11:17:31', 1019.31),
(4, 1, '2020-03-02', '11:17:31', 128838),
(1, 1, '2020-03-02', '11:17:36', 24.4),
(2, 1, '2020-03-02', '11:17:36', 54.9),
(3, 1, '2020-03-02', '11:17:36', 1019.31),
(4, 1, '2020-03-02', '11:17:36', 129216),
(1, 1, '2020-03-02', '11:17:41', 24.3),
(2, 1, '2020-03-02', '11:17:41', 55),
(3, 1, '2020-03-02', '11:17:41', 1019.31),
(4, 1, '2020-03-02', '11:17:41', 128275),
(1, 1, '2020-03-02', '11:17:46', 24.3),
(2, 1, '2020-03-02', '11:17:46', 55),
(3, 1, '2020-03-02', '11:17:46', 1019.31),
(4, 1, '2020-03-02', '11:17:46', 128744),
(1, 1, '2020-03-02', '11:17:52', 24.3),
(2, 1, '2020-03-02', '11:17:52', 55.1),
(3, 1, '2020-03-02', '11:17:52', 1019.31),
(4, 1, '2020-03-02', '11:17:52', 128369),
(1, 1, '2020-03-02', '11:17:57', 24.3),
(2, 1, '2020-03-02', '11:17:57', 55.3),
(3, 1, '2020-03-02', '11:17:57', 1019.32),
(4, 1, '2020-03-02', '11:17:57', 127810),
(1, 1, '2020-03-02', '11:18:02', 24.3),
(2, 1, '2020-03-02', '11:18:02', 55.7),
(3, 1, '2020-03-02', '11:18:02', 1019.33),
(4, 1, '2020-03-02', '11:18:02', 129500),
(1, 1, '2020-03-02', '11:18:07', 24.3),
(2, 1, '2020-03-02', '11:18:07', 55.7),
(3, 1, '2020-03-02', '11:18:07', 1019.32),
(4, 1, '2020-03-02', '11:18:07', 127440),
(1, 1, '2020-03-02', '11:18:13', 24.2),
(2, 1, '2020-03-02', '11:18:13', 55.7),
(3, 1, '2020-03-02', '11:18:13', 1019.32),
(4, 1, '2020-03-02', '11:18:13', 128182),
(1, 1, '2020-03-02', '11:18:18', 24.5),
(2, 1, '2020-03-02', '11:18:18', 55.8),
(3, 1, '2020-03-02', '11:18:18', 1019.33),
(4, 1, '2020-03-02', '11:18:18', 145902),
(1, 1, '2020-03-02', '11:18:24', 24.4),
(2, 1, '2020-03-02', '11:18:24', 55.4),
(3, 1, '2020-03-02', '11:18:24', 1019.33),
(4, 1, '2020-03-02', '11:18:24', 134748),
(1, 1, '2020-03-02', '11:18:29', 24.4),
(2, 1, '2020-03-02', '11:18:29', 55.3),
(3, 1, '2020-03-02', '11:18:29', 1019.33),
(4, 1, '2020-03-02', '11:18:29', 131628),
(1, 1, '2020-03-02', '11:18:34', 24.3),
(2, 1, '2020-03-02', '11:18:34', 55.3),
(3, 1, '2020-03-02', '11:18:34', 1019.34),
(4, 1, '2020-03-02', '11:18:34', 130459),
(1, 1, '2020-03-02', '11:18:39', 24.3),
(2, 1, '2020-03-02', '11:18:39', 55.3),
(3, 1, '2020-03-02', '11:18:39', 1019.35),
(4, 1, '2020-03-02', '11:18:39', 130170),
(1, 1, '2020-03-02', '11:18:45', 24.3),
(2, 1, '2020-03-02', '11:18:45', 55.3),
(3, 1, '2020-03-02', '11:18:45', 1019.36),
(4, 1, '2020-03-02', '11:18:45', 129310),
(1, 1, '2020-03-02', '11:18:50', 24.3),
(2, 1, '2020-03-02', '11:18:50', 55.3),
(3, 1, '2020-03-02', '11:18:50', 1019.37),
(4, 1, '2020-03-02', '11:18:50', 129596),
(1, 1, '2020-03-02', '11:18:55', 24.3),
(2, 1, '2020-03-02', '11:18:55', 55.3),
(3, 1, '2020-03-02', '11:18:55', 1019.37),
(4, 1, '2020-03-02', '11:18:55', 128744),
(1, 1, '2020-03-02', '11:19:00', 24.3),
(2, 1, '2020-03-02', '11:19:00', 55.3),
(3, 1, '2020-03-02', '11:19:00', 1019.38),
(4, 1, '2020-03-02', '11:19:00', 129121),
(1, 1, '2020-03-02', '11:19:06', 24.3),
(2, 1, '2020-03-02', '11:19:06', 55.3),
(3, 1, '2020-03-02', '11:19:06', 1019.39),
(4, 1, '2020-03-02', '11:19:06', 129882),
(1, 1, '2020-03-02', '11:19:11', 24.3),
(2, 1, '2020-03-02', '11:19:11', 55.2),
(3, 1, '2020-03-02', '11:19:11', 1019.39),
(4, 1, '2020-03-02', '11:19:11', 127903),
(1, 1, '2020-03-02', '11:19:16', 24.3),
(2, 1, '2020-03-02', '11:19:16', 55.3),
(3, 1, '2020-03-02', '11:19:16', 1019.41),
(4, 1, '2020-03-02', '11:19:16', 128744),
(1, 1, '2020-03-02', '11:19:21', 24.3),
(2, 1, '2020-03-02', '11:19:21', 55.3),
(3, 1, '2020-03-02', '11:19:21', 1019.42),
(4, 1, '2020-03-02', '11:19:21', 128556),
(1, 1, '2020-03-02', '11:19:27', 24.3),
(2, 1, '2020-03-02', '11:19:27', 55.4),
(3, 1, '2020-03-02', '11:19:27', 1019.43),
(4, 1, '2020-03-02', '11:19:27', 128650),
(1, 1, '2020-03-02', '11:19:32', 24.3),
(2, 1, '2020-03-02', '11:19:32', 55.4),
(3, 1, '2020-03-02', '11:19:32', 1019.43),
(4, 1, '2020-03-02', '11:19:32', 129026),
(1, 1, '2020-03-02', '11:19:37', 24.3),
(2, 1, '2020-03-02', '11:19:37', 55.4),
(3, 1, '2020-03-02', '11:19:37', 1019.44),
(4, 1, '2020-03-02', '11:19:37', 129216),
(1, 1, '2020-03-02', '11:19:42', 24.3),
(2, 1, '2020-03-02', '11:19:42', 55.2),
(3, 1, '2020-03-02', '11:19:42', 1019.44),
(4, 1, '2020-03-02', '11:19:42', 129310),
(1, 1, '2020-03-02', '11:19:48', 24.3),
(2, 1, '2020-03-02', '11:19:48', 55),
(3, 1, '2020-03-02', '11:19:48', 1019.43),
(4, 1, '2020-03-02', '11:19:48', 129121),
(1, 1, '2020-03-02', '11:19:53', 24.3),
(2, 1, '2020-03-02', '11:19:53', 55.1),
(3, 1, '2020-03-02', '11:19:53', 1019.43),
(4, 1, '2020-03-02', '11:19:53', 129121),
(1, 1, '2020-03-02', '11:19:58', 24.3),
(2, 1, '2020-03-02', '11:19:58', 55.1),
(3, 1, '2020-03-02', '11:19:58', 1019.44),
(4, 1, '2020-03-02', '11:19:58', 129121),
(1, 1, '2020-03-02', '11:20:03', 24.3),
(2, 1, '2020-03-02', '11:20:03', 55.1),
(3, 1, '2020-03-02', '11:20:03', 1019.45),
(4, 1, '2020-03-02', '11:20:03', 129121),
(1, 1, '2020-03-02', '11:20:09', 24.2),
(2, 1, '2020-03-02', '11:20:09', 55.2),
(3, 1, '2020-03-02', '11:20:09', 1019.5),
(4, 1, '2020-03-02', '11:20:09', 129500),
(1, 1, '2020-03-02', '11:20:14', 24.2),
(2, 1, '2020-03-02', '11:20:14', 55.2),
(3, 1, '2020-03-02', '11:20:14', 1019.49),
(4, 1, '2020-03-02', '11:20:14', 129978),
(1, 1, '2020-03-02', '11:20:19', 24.2),
(2, 1, '2020-03-02', '11:20:19', 55.2),
(3, 1, '2020-03-02', '11:20:19', 1019.48),
(4, 1, '2020-03-02', '11:20:19', 129882),
(1, 1, '2020-03-02', '11:20:24', 24.2),
(2, 1, '2020-03-02', '11:20:24', 55.2),
(3, 1, '2020-03-02', '11:20:24', 1019.48),
(4, 1, '2020-03-02', '11:20:24', 130362),
(1, 1, '2020-03-02', '11:20:30', 24.2),
(2, 1, '2020-03-02', '11:20:30', 55.2),
(3, 1, '2020-03-02', '11:20:30', 1019.47),
(4, 1, '2020-03-02', '11:20:30', 129500),
(2, 1, '2020-03-04', '14:50:56', 50.9),
(3, 1, '2020-03-04', '14:50:56', 1022.91),
(4, 1, '2020-03-04', '14:50:56', 8980),
(2, 1, '2020-03-04', '14:51:02', 50.9),
(3, 1, '2020-03-04', '14:51:02', 1022.9),
(4, 1, '2020-03-04', '14:51:02', 7671),
(2, 1, '2020-03-04', '14:51:07', 50.8),
(3, 1, '2020-03-04', '14:51:07', 1022.9),
(4, 1, '2020-03-04', '14:51:07', 11003),
(2, 1, '2020-03-04', '14:51:12', 50.7),
(3, 1, '2020-03-04', '14:51:12', 1022.89),
(4, 1, '2020-03-04', '14:51:12', 15204),
(2, 1, '2020-03-04', '14:51:18', 50.8),
(3, 1, '2020-03-04', '14:51:18', 1022.9),
(4, 1, '2020-03-04', '14:51:18', 19124),
(2, 1, '2020-03-04', '14:51:23', 50.8),
(3, 1, '2020-03-04', '14:51:23', 1022.91),
(4, 1, '2020-03-04', '14:51:23', 22830),
(2, 1, '2020-03-04', '14:51:28', 50.8),
(3, 1, '2020-03-04', '14:51:28', 1022.9),
(4, 1, '2020-03-04', '14:51:28', 27618),
(2, 1, '2020-03-04', '14:51:33', 49.3),
(3, 1, '2020-03-04', '14:51:33', 1022.89),
(4, 1, '2020-03-04', '14:51:33', 31618),
(2, 1, '2020-03-04', '14:51:39', 47.7),
(3, 1, '2020-03-04', '14:51:39', 1022.89),
(4, 1, '2020-03-04', '14:51:39', 35541),
(2, 1, '2020-03-04', '14:51:44', 46.8),
(3, 1, '2020-03-04', '14:51:44', 1022.89),
(4, 1, '2020-03-04', '14:51:44', 38860),
(2, 1, '2020-03-04', '14:51:49', 46.4),
(3, 1, '2020-03-04', '14:51:49', 1022.89),
(4, 1, '2020-03-04', '14:51:49', 42248),
(2, 1, '2020-03-04', '14:51:54', 46.1),
(3, 1, '2020-03-04', '14:51:54', 1022.89),
(4, 1, '2020-03-04', '14:51:54', 45331),
(2, 1, '2020-03-04', '14:52:00', 46.3),
(3, 1, '2020-03-04', '14:52:00', 1022.87),
(4, 1, '2020-03-04', '14:52:00', 59037),
(2, 1, '2020-03-04', '14:52:20', 46.6),
(3, 1, '2020-03-04', '14:52:20', 1022.89),
(4, 1, '2020-03-04', '14:52:20', 135995),
(2, 1, '2020-03-04', '14:53:27', 48),
(3, 1, '2020-03-04', '14:53:27', 1022.87),
(4, 1, '2020-03-04', '14:53:27', 44552),
(2, 1, '2020-03-04', '14:54:28', 48.9),
(3, 1, '2020-03-04', '14:54:28', 1022.86),
(4, 1, '2020-03-04', '14:54:28', 53353),
(2, 1, '2020-03-04', '14:55:28', 49.2),
(3, 1, '2020-03-04', '14:55:28', 1022.87),
(4, 1, '2020-03-04', '14:55:28', 56828),
(2, 1, '2020-03-04', '14:56:29', 48.7),
(3, 1, '2020-03-04', '14:56:29', 1022.87),
(4, 1, '2020-03-04', '14:56:29', 44284),
(2, 1, '2020-03-04', '14:57:30', 49.3),
(3, 1, '2020-03-04', '14:57:30', 1022.85),
(4, 1, '2020-03-04', '14:57:30', 58179),
(2, 1, '2020-03-04', '14:58:31', 48.8),
(3, 1, '2020-03-04', '14:58:31', 1022.85),
(4, 1, '2020-03-04', '14:58:31', 62160),
(2, 1, '2020-03-04', '14:59:32', 48.5),
(3, 1, '2020-03-04', '14:59:32', 1022.86),
(4, 1, '2020-03-04', '14:59:32', 64716),
(2, 1, '2020-03-04', '15:00:33', 48.6),
(3, 1, '2020-03-04', '15:00:33', 1022.84),
(4, 1, '2020-03-04', '15:00:33', 67543),
(2, 1, '2020-03-04', '15:01:34', 49.1),
(3, 1, '2020-03-04', '15:01:34', 1022.83),
(4, 1, '2020-03-04', '15:01:34', 69624),
(2, 1, '2020-03-04', '15:02:35', 49.3),
(3, 1, '2020-03-04', '15:02:35', 1022.84),
(4, 1, '2020-03-04', '15:02:35', 71315),
(2, 1, '2020-03-04', '15:03:36', 49.8),
(3, 1, '2020-03-04', '15:03:36', 1022.86),
(4, 1, '2020-03-04', '15:03:36', 73089),
(2, 1, '2020-03-04', '15:04:37', 49.7),
(3, 1, '2020-03-04', '15:04:37', 1022.85),
(4, 1, '2020-03-04', '15:04:37', 74197),
(2, 1, '2020-03-04', '15:05:38', 49.3),
(3, 1, '2020-03-04', '15:05:38', 1022.84),
(4, 1, '2020-03-04', '15:05:38', 75210),
(2, 1, '2020-03-04', '15:06:39', 48.5),
(3, 1, '2020-03-04', '15:06:39', 1022.82),
(4, 1, '2020-03-04', '15:06:39', 76317),
(2, 1, '2020-03-04', '15:07:40', 48.7),
(3, 1, '2020-03-04', '15:07:40', 1022.8),
(4, 1, '2020-03-04', '15:07:40', 77254),
(2, 1, '2020-03-04', '15:08:41', 49),
(3, 1, '2020-03-04', '15:08:41', 1022.8),
(4, 1, '2020-03-04', '15:08:41', 78006),
(2, 1, '2020-03-04', '15:09:42', 48.7),
(3, 1, '2020-03-04', '15:09:42', 1022.79),
(4, 1, '2020-03-04', '15:09:42', 78214),
(2, 1, '2020-03-04', '15:10:43', 48.3),
(3, 1, '2020-03-04', '15:10:43', 1022.76),
(4, 1, '2020-03-04', '15:10:43', 79699),
(2, 1, '2020-03-04', '15:11:44', 48.5),
(3, 1, '2020-03-04', '15:11:44', 1022.71),
(4, 1, '2020-03-04', '15:11:44', 79771),
(2, 1, '2020-03-04', '15:12:45', 48.6),
(3, 1, '2020-03-04', '15:12:45', 1022.7),
(4, 1, '2020-03-04', '15:12:45', 80207),
(2, 1, '2020-03-04', '15:13:46', 48),
(3, 1, '2020-03-04', '15:13:46', 1022.72),
(4, 1, '2020-03-04', '15:13:46', 80944),
(2, 1, '2020-03-04', '15:14:47', 46.9),
(3, 1, '2020-03-04', '15:14:47', 1022.69),
(4, 1, '2020-03-04', '15:14:47', 80869),
(2, 1, '2020-03-04', '15:15:48', 46.8),
(3, 1, '2020-03-04', '15:15:48', 1022.7),
(4, 1, '2020-03-04', '15:15:48', 80944),
(2, 1, '2020-03-04', '15:16:48', 46.6),
(3, 1, '2020-03-04', '15:16:48', 1022.69),
(4, 1, '2020-03-04', '15:16:48', 61338),
(2, 1, '2020-03-04', '15:17:49', 46.6),
(3, 1, '2020-03-04', '15:17:49', 1022.67),
(4, 1, '2020-03-04', '15:17:49', 76317),
(2, 1, '2020-03-04', '15:18:50', 47.9),
(3, 1, '2020-03-04', '15:18:50', 1022.65),
(4, 1, '2020-03-04', '15:18:50', 78423),
(2, 1, '2020-03-04', '15:19:51', 48.8),
(3, 1, '2020-03-04', '15:19:51', 1022.63),
(4, 1, '2020-03-04', '15:19:51', 80574),
(2, 1, '2020-03-04', '15:20:52', 48.8),
(3, 1, '2020-03-04', '15:20:52', 1022.63),
(4, 1, '2020-03-04', '15:20:52', 82304),
(2, 1, '2020-03-04', '15:21:52', 48.2),
(3, 1, '2020-03-04', '15:21:52', 1022.62),
(4, 1, '2020-03-04', '15:21:52', 63779),
(2, 1, '2020-03-04', '15:22:53', 48.3),
(3, 1, '2020-03-04', '15:22:53', 1022.61),
(4, 1, '2020-03-04', '15:22:53', 78703),
(2, 1, '2020-03-04', '15:23:54', 48.6),
(3, 1, '2020-03-04', '15:23:54', 1022.64),
(4, 1, '2020-03-04', '15:23:54', 62291),
(2, 1, '2020-03-04', '15:24:55', 48.7),
(3, 1, '2020-03-04', '15:24:55', 1022.62),
(4, 1, '2020-03-04', '15:24:55', 78075),
(2, 1, '2020-03-04', '15:25:56', 48.3),
(3, 1, '2020-03-04', '15:25:56', 1022.61),
(4, 1, '2020-03-04', '15:25:56', 80944),
(2, 1, '2020-03-04', '15:26:56', 48.5),
(3, 1, '2020-03-04', '15:26:56', 1022.6),
(4, 1, '2020-03-04', '15:26:56', 63412),
(2, 1, '2020-03-04', '15:27:56', 48.9),
(3, 1, '2020-03-04', '15:27:56', 1022.59),
(4, 1, '2020-03-04', '15:27:56', 59315),
(2, 1, '2020-03-04', '15:28:57', 49.4),
(3, 1, '2020-03-04', '15:28:57', 1022.59),
(4, 1, '2020-03-04', '15:28:57', 77051),
(2, 1, '2020-03-04', '15:30:01', 49.6),
(3, 1, '2020-03-04', '15:30:01', 1022.58),
(4, 1, '2020-03-04', '15:30:01', 77186),
(2, 1, '2020-03-04', '15:31:03', 49.7),
(3, 1, '2020-03-04', '15:31:03', 1022.57),
(4, 1, '2020-03-04', '15:31:03', 81770),
(2, 1, '2020-03-04', '15:32:03', 50),
(3, 1, '2020-03-04', '15:32:03', 1022.55),
(4, 1, '2020-03-04', '15:32:03', 83395),
(2, 1, '2020-03-04', '15:33:04', 49.9),
(3, 1, '2020-03-04', '15:33:04', 1022.55),
(4, 1, '2020-03-04', '15:33:04', 65147),
(2, 1, '2020-03-04', '15:34:05', 48.9),
(3, 1, '2020-03-04', '15:34:05', 1022.53),
(4, 1, '2020-03-04', '15:34:05', 79916),
(2, 1, '2020-03-04', '15:35:06', 48.7),
(3, 1, '2020-03-04', '15:35:06', 1022.53),
(4, 1, '2020-03-04', '15:35:06', 80721),
(2, 1, '2020-03-04', '15:36:07', 47.9),
(3, 1, '2020-03-04', '15:36:07', 1022.51),
(4, 1, '2020-03-04', '15:36:07', 81242),
(2, 1, '2020-03-04', '15:37:08', 48.1),
(3, 1, '2020-03-04', '15:37:08', 1022.53),
(4, 1, '2020-03-04', '15:37:08', 80061),
(2, 1, '2020-03-04', '15:38:09', 47.4),
(3, 1, '2020-03-04', '15:38:09', 1022.54),
(4, 1, '2020-03-04', '15:38:09', 79340),
(2, 1, '2020-03-04', '15:39:10', 46.6),
(3, 1, '2020-03-04', '15:39:10', 1022.52),
(4, 1, '2020-03-04', '15:39:10', 79340),
(2, 1, '2020-03-04', '15:40:11', 47.6),
(3, 1, '2020-03-04', '15:40:11', 1022.5),
(4, 1, '2020-03-04', '15:40:11', 79989),
(2, 1, '2020-03-04', '15:41:12', 47.3),
(3, 1, '2020-03-04', '15:41:12', 1022.49),
(4, 1, '2020-03-04', '15:41:12', 80795),
(2, 1, '2020-03-04', '15:42:13', 47.4),
(3, 1, '2020-03-04', '15:42:13', 1022.47),
(4, 1, '2020-03-04', '15:42:13', 80795),
(2, 1, '2020-03-04', '15:43:14', 47.4),
(3, 1, '2020-03-04', '15:43:14', 1022.49),
(4, 1, '2020-03-04', '15:43:14', 81242),
(2, 1, '2020-03-04', '15:44:15', 48.5),
(3, 1, '2020-03-04', '15:44:15', 1022.47),
(4, 1, '2020-03-04', '15:44:15', 81467),
(2, 1, '2020-03-04', '15:45:15', 48.5),
(3, 1, '2020-03-04', '15:45:15', 1022.47),
(4, 1, '2020-03-04', '15:45:15', 83159),
(2, 1, '2020-03-04', '15:46:16', 48.6),
(3, 1, '2020-03-04', '15:46:16', 1022.46),
(4, 1, '2020-03-04', '15:46:16', 82924),
(5, 1, '2020-03-04', '15:46:16', 21.4166),
(6, 1, '2020-03-04', '15:46:16', 0),
(7, 1, '2020-03-04', '15:46:16', 21.4166),
(5, 1, '2020-03-04', '15:46:16', 21.4166),
(6, 1, '2020-03-04', '15:46:16', 0),
(7, 1, '2020-03-04', '15:46:16', 21.4166),
(5, 1, '2020-03-04', '15:46:16', 21.4166),
(6, 1, '2020-03-04', '15:46:16', 0),
(7, 1, '2020-03-04', '15:46:16', 21.4166),
(5, 1, '2020-03-04', '15:46:16', 21.4166),
(6, 1, '2020-03-04', '15:46:16', 0),
(7, 1, '2020-03-04', '15:46:16', 21.4166),
(5, 1, '2020-03-04', '15:46:16', 21.4166),
(6, 1, '2020-03-04', '15:46:16', 0),
(7, 1, '2020-03-04', '15:46:16', 21.4166),
(5, 1, '2020-03-04', '15:46:16', 21.4166),
(6, 1, '2020-03-04', '15:46:16', 0),
(7, 1, '2020-03-04', '15:46:16', 21.4166),
(5, 1, '2020-03-04', '15:46:16', 21.4166),
(6, 1, '2020-03-04', '15:46:16', 0),
(7, 1, '2020-03-04', '15:46:16', 21.4166),
(5, 1, '2020-03-04', '15:46:16', 21.4166),
(6, 1, '2020-03-04', '15:46:16', 0),
(7, 1, '2020-03-04', '15:46:16', 21.4166),
(5, 1, '2020-03-04', '15:46:16', 21.4166),
(6, 1, '2020-03-04', '15:46:16', 0),
(7, 1, '2020-03-04', '15:46:16', 21.4166),
(5, 1, '2020-03-04', '15:46:16', 21.4166),
(6, 1, '2020-03-04', '15:46:16', 0),
(7, 1, '2020-03-04', '15:46:16', 21.4166),
(5, 1, '2020-03-04', '15:46:16', 21.4166),
(6, 1, '2020-03-04', '15:46:16', 0),
(7, 1, '2020-03-04', '15:46:16', 21.4166),
(5, 1, '2020-03-04', '15:46:16', 21.4166),
(6, 1, '2020-03-04', '15:46:16', 0),
(7, 1, '2020-03-04', '15:46:16', 21.4166),
(5, 1, '2020-03-04', '15:46:16', 21.4166),
(6, 1, '2020-03-04', '15:46:16', 0),
(7, 1, '2020-03-04', '15:46:16', 21.4166),
(5, 1, '2020-03-04', '15:46:16', 21.4166),
(6, 1, '2020-03-04', '15:46:16', 0),
(7, 1, '2020-03-04', '15:46:16', 21.4166),
(5, 1, '2020-03-04', '15:46:16', 21.4166),
(6, 1, '2020-03-04', '15:46:16', 0),
(7, 1, '2020-03-04', '15:46:16', 21.4166),
(5, 1, '2020-03-04', '15:46:16', 21.4166),
(6, 1, '2020-03-04', '15:46:16', 0),
(7, 1, '2020-03-04', '15:46:16', 21.4166),
(5, 1, '2020-03-04', '15:46:16', 21.4166),
(6, 1, '2020-03-04', '15:46:16', 0),
(7, 1, '2020-03-04', '15:46:16', 21.4166),
(5, 1, '2020-03-04', '15:46:16', 21.4166),
(6, 1, '2020-03-04', '15:46:16', 0),
(7, 1, '2020-03-04', '15:46:16', 21.4166),
(5, 1, '2020-03-04', '15:46:16', 21.4166),
(6, 1, '2020-03-04', '15:46:16', 0),
(7, 1, '2020-03-04', '15:46:16', 21.4166),
(5, 1, '2020-03-04', '15:46:16', 21.4166),
(6, 1, '2020-03-04', '15:46:16', 0),
(7, 1, '2020-03-04', '15:46:16', 21.4166),
(5, 1, '2020-03-04', '15:46:16', 21.4166),
(6, 1, '2020-03-04', '15:46:16', 0),
(7, 1, '2020-03-04', '15:46:16', 21.4166),
(2, 1, '0000-00-00', '00:00:00', 39.5),
(3, 1, '0000-00-00', '00:00:00', 1019.07),
(4, 1, '0000-00-00', '00:00:00', 2579),
(5, 1, '2020-03-04', '15:46:16', 21.4166),
(6, 1, '2020-03-04', '15:46:16', 0),
(7, 1, '2020-03-04', '15:46:16', 21.4166),
(2, 2, '0000-00-00', '00:00:00', 38.5),
(3, 2, '0000-00-00', '00:00:00', 1019.09),
(4, 2, '0000-00-00', '00:00:00', 2038),
(5, 1, '2020-03-04', '15:46:16', 21.4166),
(6, 1, '2020-03-04', '15:46:16', 0),
(7, 1, '2020-03-04', '15:46:16', 21.4166),
(2, 2, '0000-00-00', '00:00:00', 38.1),
(3, 2, '0000-00-00', '00:00:00', 1019.08),
(4, 2, '0000-00-00', '00:00:00', 1189),
(5, 1, '2020-03-04', '15:46:16', 21.4166),
(6, 1, '2020-03-04', '15:46:16', 0),
(7, 1, '2020-03-04', '15:46:16', 21.4166),
(2, 2, '0000-00-00', '00:00:00', 36.9),
(3, 2, '0000-00-00', '00:00:00', 1019.07),
(4, 2, '0000-00-00', '00:00:00', 2334),
(5, 1, '2020-03-04', '15:46:16', 21.4166),
(6, 1, '2020-03-04', '15:46:16', 0),
(7, 1, '2020-03-04', '15:46:16', 21.4166),
(2, 2, '0000-00-00', '00:00:00', 37.2),
(3, 2, '0000-00-00', '00:00:00', 1019.06),
(4, 2, '0000-00-00', '00:00:00', 3580),
(5, 1, '2020-03-04', '15:46:16', 21.4166),
(6, 1, '2020-03-04', '15:46:16', 0),
(7, 1, '2020-03-04', '15:46:16', 21.4166),
(2, 2, '0000-00-00', '00:00:00', 38.7),
(3, 2, '0000-00-00', '00:00:00', 1019.06),
(4, 2, '0000-00-00', '00:00:00', 4625),
(5, 1, '2020-03-04', '15:46:16', 21.4166),
(6, 1, '2020-03-04', '15:46:16', 0),
(7, 1, '2020-03-04', '15:46:16', 21.4166),
(2, 2, '0000-00-00', '00:00:00', 39.1),
(3, 2, '0000-00-00', '00:00:00', 1019.06),
(4, 2, '0000-00-00', '00:00:00', 5610),
(5, 1, '2020-03-04', '15:46:16', 21.4166),
(6, 1, '2020-03-04', '15:46:16', 0),
(7, 1, '2020-03-04', '15:46:16', 21.4166),
(2, 2, '0000-00-00', '00:00:00', 38),
(3, 2, '0000-00-00', '00:00:00', 1019.07),
(4, 2, '0000-00-00', '00:00:00', 6931),
(5, 1, '2020-03-04', '15:46:16', 21.4166),
(6, 1, '2020-03-04', '15:46:16', 0),
(7, 1, '2020-03-04', '15:46:16', 21.4166),
(2, 2, '0000-00-00', '00:00:00', 39.1),
(3, 2, '0000-00-00', '00:00:00', 1019.07),
(4, 2, '0000-00-00', '00:00:00', 8082),
(5, 1, '2020-03-04', '15:46:16', 21.4166),
(6, 1, '2020-03-04', '15:46:16', 0),
(7, 1, '2020-03-04', '15:46:16', 21.4166),
(2, 2, '0000-00-00', '00:00:00', 40.1),
(3, 2, '0000-00-00', '00:00:00', 1019.06),
(4, 2, '0000-00-00', '00:00:00', 9206),
(5, 1, '2020-03-04', '15:46:16', 21.4166),
(6, 1, '2020-03-04', '15:46:16', 0),
(7, 1, '2020-03-04', '15:46:16', 21.4166),
(2, 2, '0000-00-00', '00:00:00', 39.5),
(3, 2, '0000-00-00', '00:00:00', 1019.03),
(4, 2, '0000-00-00', '00:00:00', 10478),
(5, 1, '2020-03-04', '15:46:16', 21.4166),
(6, 1, '2020-03-04', '15:46:16', 0),
(7, 1, '2020-03-04', '15:46:16', 21.4166),
(2, 2, '0000-00-00', '00:00:00', 37.7);
INSERT INTO `sensors_readings` (`id_sensor`, `id_location`, `reading_date`, `reading_hour`, `readings`) VALUES
(3, 2, '0000-00-00', '00:00:00', 1019.01),
(4, 2, '0000-00-00', '00:00:00', 11948),
(5, 1, '2020-03-04', '15:46:16', 21.4166),
(6, 1, '2020-03-04', '15:46:16', 0),
(7, 1, '2020-03-04', '15:46:16', 21.4166),
(2, 2, '0000-00-00', '00:00:00', 36.7),
(3, 2, '0000-00-00', '00:00:00', 1018.98),
(4, 2, '0000-00-00', '00:00:00', 12929),
(5, 1, '2020-03-04', '15:46:16', 21.4166),
(6, 1, '2020-03-04', '15:46:16', 0),
(7, 1, '2020-03-04', '15:46:16', 21.4166),
(2, 2, '0000-00-00', '00:00:00', 36.3),
(3, 2, '0000-00-00', '00:00:00', 1018.99),
(4, 2, '0000-00-00', '00:00:00', 13813),
(5, 1, '2020-03-04', '15:46:16', 21.4166),
(6, 1, '2020-03-04', '15:46:16', 0),
(7, 1, '2020-03-04', '15:46:16', 21.4166),
(2, 2, '0000-00-00', '00:00:00', 36.2),
(3, 2, '0000-00-00', '00:00:00', 1019),
(4, 2, '0000-00-00', '00:00:00', 14629),
(5, 1, '2020-03-04', '15:46:16', 21.4166),
(6, 1, '2020-03-04', '15:46:16', 0),
(7, 1, '2020-03-04', '15:46:16', 21.4166),
(2, 2, '0000-00-00', '00:00:00', 36.5),
(3, 2, '0000-00-00', '00:00:00', 1018.96),
(4, 2, '0000-00-00', '00:00:00', 15374),
(5, 1, '2020-03-04', '15:46:16', 21.4166),
(6, 1, '2020-03-04', '15:46:16', 0),
(7, 1, '2020-03-04', '15:46:16', 21.4166),
(2, 2, '0000-00-00', '00:00:00', 35.4),
(3, 2, '0000-00-00', '00:00:00', 1018.93),
(4, 2, '0000-00-00', '00:00:00', 16105),
(5, 1, '2020-03-04', '15:46:16', 21.4166),
(6, 1, '2020-03-04', '15:46:16', 0),
(7, 1, '2020-03-04', '15:46:16', 21.4166),
(2, 2, '0000-00-00', '00:00:00', 36.1),
(3, 2, '0000-00-00', '00:00:00', 1018.9),
(4, 2, '0000-00-00', '00:00:00', 16895),
(5, 1, '2020-03-04', '15:46:16', 21.4166),
(6, 1, '2020-03-04', '15:46:16', 0),
(7, 1, '2020-03-04', '15:46:16', 21.4166),
(2, 2, '0000-00-00', '00:00:00', 36.5),
(3, 2, '0000-00-00', '00:00:00', 1018.89),
(4, 2, '0000-00-00', '00:00:00', 17767),
(5, 1, '2020-03-04', '15:46:16', 21.4166),
(6, 1, '2020-03-04', '15:46:16', 0),
(7, 1, '2020-03-04', '15:46:16', 21.4166),
(2, 2, '0000-00-00', '00:00:00', 36.9),
(3, 2, '0000-00-00', '00:00:00', 1018.88),
(4, 2, '0000-00-00', '00:00:00', 18483),
(5, 1, '2020-03-04', '15:46:16', 21.4166),
(6, 1, '2020-03-04', '15:46:16', 0),
(7, 1, '2020-03-04', '15:46:16', 21.4166),
(2, 2, '0000-00-00', '00:00:00', 37.9),
(3, 2, '0000-00-00', '00:00:00', 1018.87),
(4, 2, '0000-00-00', '00:00:00', 19241),
(5, 1, '2020-03-04', '15:46:16', 21.4166),
(6, 1, '2020-03-04', '15:46:16', 0),
(7, 1, '2020-03-04', '15:46:16', 21.4166),
(2, 2, '0000-00-00', '00:00:00', 44.2),
(3, 2, '0000-00-00', '00:00:00', 1018.73),
(4, 2, '0000-00-00', '00:00:00', 37221),
(5, 1, '2020-03-04', '15:46:16', 21.4166),
(6, 1, '2020-03-04', '15:46:16', 0),
(7, 1, '2020-03-04', '15:46:16', 21.4166),
(2, 2, '0000-00-00', '00:00:00', 49.3),
(3, 2, '0000-00-00', '00:00:00', 1018.79),
(4, 2, '0000-00-00', '00:00:00', 32744),
(5, 1, '2020-03-04', '15:46:16', 21.4166),
(6, 1, '2020-03-04', '15:46:16', 0),
(7, 1, '2020-03-04', '15:46:16', 21.4166),
(2, 2, '0000-00-00', '00:00:00', 50.2),
(3, 2, '0000-00-00', '00:00:00', 1018.79),
(4, 2, '0000-00-00', '00:00:00', 11182),
(5, 1, '2020-03-04', '15:46:16', 21.4166),
(6, 1, '2020-03-04', '15:46:16', 0),
(7, 1, '2020-03-04', '15:46:16', 21.4166),
(2, 2, '0000-00-00', '00:00:00', 51.4),
(3, 2, '0000-00-00', '00:00:00', 1018.77),
(4, 2, '0000-00-00', '00:00:00', 15838),
(5, 1, '2020-03-04', '15:46:16', 21.4166),
(6, 1, '2020-03-04', '15:46:16', 0),
(7, 1, '2020-03-04', '15:46:16', 21.4166),
(2, 2, '0000-00-00', '00:00:00', 50.3),
(3, 2, '0000-00-00', '00:00:00', 1018.74),
(4, 2, '0000-00-00', '00:00:00', 18405),
(5, 1, '2020-03-04', '15:46:16', 21.4166),
(6, 1, '2020-03-04', '15:46:16', 0),
(7, 1, '2020-03-04', '15:46:16', 21.4166),
(2, 2, '0000-00-00', '00:00:00', 50.4),
(3, 2, '0000-00-00', '00:00:00', 1018.73),
(4, 2, '0000-00-00', '00:00:00', 20268),
(5, 1, '2020-03-04', '15:46:16', 21.4166),
(6, 1, '2020-03-04', '15:46:16', 0),
(7, 1, '2020-03-04', '15:46:16', 21.4166),
(2, 2, '0000-00-00', '00:00:00', 50.1),
(3, 2, '0000-00-00', '00:00:00', 1018.72),
(4, 2, '0000-00-00', '00:00:00', 21663),
(5, 1, '2020-03-04', '15:46:16', 21.4166),
(6, 1, '2020-03-04', '15:46:16', 0),
(7, 1, '2020-03-04', '15:46:16', 21.4166),
(2, 2, '0000-00-00', '00:00:00', 50.5),
(3, 2, '0000-00-00', '00:00:00', 1018.71),
(4, 2, '0000-00-00', '00:00:00', 22902),
(5, 1, '2020-03-04', '15:46:16', 21.4166),
(6, 1, '2020-03-04', '15:46:16', 0),
(7, 1, '2020-03-04', '15:46:16', 21.4166),
(2, 2, '0000-00-00', '00:00:00', 50.8),
(3, 2, '0000-00-00', '00:00:00', 1018.7),
(4, 2, '0000-00-00', '00:00:00', 25103),
(5, 1, '2020-03-04', '15:46:16', 21.4166),
(6, 1, '2020-03-04', '15:46:16', 0),
(7, 1, '2020-03-04', '15:46:16', 21.4166),
(2, 2, '0000-00-00', '00:00:00', 50.6),
(3, 2, '0000-00-00', '00:00:00', 1018.69),
(4, 2, '0000-00-00', '00:00:00', 26052),
(5, 1, '2020-03-04', '15:46:16', 21.4166),
(6, 1, '2020-03-04', '15:46:16', 0),
(7, 1, '2020-03-04', '15:46:16', 21.4166),
(2, 2, '0000-00-00', '00:00:00', 50.8),
(3, 2, '0000-00-00', '00:00:00', 1018.69),
(4, 2, '0000-00-00', '00:00:00', 26878),
(5, 1, '2020-03-04', '15:46:16', 21.4166),
(6, 1, '2020-03-04', '15:46:16', 0),
(7, 1, '2020-03-04', '15:46:16', 21.4166),
(2, 2, '0000-00-00', '00:00:00', 51.3),
(3, 2, '0000-00-00', '00:00:00', 1018.67),
(4, 2, '0000-00-00', '00:00:00', 27670),
(5, 1, '2020-03-04', '15:46:16', 21.4166),
(6, 1, '2020-03-04', '15:46:16', 0),
(7, 1, '2020-03-04', '15:46:16', 21.4166),
(2, 2, '0000-00-00', '00:00:00', 51.1),
(3, 2, '0000-00-00', '00:00:00', 1018.67),
(4, 2, '0000-00-00', '00:00:00', 28201),
(5, 1, '2020-03-04', '15:46:16', 21.4166),
(6, 1, '2020-03-04', '15:46:16', 0),
(7, 1, '2020-03-04', '15:46:16', 21.4166),
(2, 2, '0000-00-00', '00:00:00', 26.7),
(3, 2, '0000-00-00', '00:00:00', 1012.62),
(4, 2, '0000-00-00', '00:00:00', 5923),
(5, 1, '2020-03-04', '15:46:16', 21.4166),
(6, 1, '2020-03-04', '15:46:16', 0),
(7, 1, '2020-03-04', '15:46:16', 21.4166),
(2, 2, '0000-00-00', '00:00:00', 29.8),
(3, 2, '0000-00-00', '00:00:00', 1012.63),
(4, 2, '0000-00-00', '00:00:00', 2661),
(5, 1, '2020-03-04', '15:46:16', 21.4166),
(6, 1, '2020-03-04', '15:46:16', 0),
(7, 1, '2020-03-04', '15:46:16', 21.4166),
(2, 2, '0000-00-00', '00:00:00', 32.1),
(3, 2, '0000-00-00', '00:00:00', 1012.65),
(4, 2, '0000-00-00', '00:00:00', 5112),
(5, 1, '2020-03-04', '15:46:16', 21.4166),
(6, 1, '2020-03-04', '15:46:16', 0),
(7, 1, '2020-03-04', '15:46:16', 21.4166),
(2, 2, '0000-00-00', '00:00:00', 31.6),
(3, 2, '0000-00-00', '00:00:00', 1012.66),
(4, 2, '0000-00-00', '00:00:00', 7519),
(5, 1, '2020-03-04', '15:46:16', 21.4166),
(6, 1, '2020-03-04', '15:46:16', 0),
(7, 1, '2020-03-04', '15:46:16', 21.4166),
(2, 2, '0000-00-00', '00:00:00', 30.8),
(3, 2, '0000-00-00', '00:00:00', 1012.66),
(4, 2, '0000-00-00', '00:00:00', 9542),
(5, 1, '2020-03-04', '15:46:16', 21.4166),
(6, 1, '2020-03-04', '15:46:16', 0),
(7, 1, '2020-03-04', '15:46:16', 21.4166),
(2, 2, '0000-00-00', '00:00:00', 30.7),
(3, 2, '0000-00-00', '00:00:00', 1012.68),
(4, 2, '0000-00-00', '00:00:00', 11883),
(5, 1, '2020-03-04', '15:46:16', 21.4166),
(6, 1, '2020-03-04', '15:46:16', 0),
(7, 1, '2020-03-04', '15:46:16', 21.4166),
(2, 2, '0000-00-00', '00:00:00', 29.6),
(3, 2, '0000-00-00', '00:00:00', 1012.68),
(4, 2, '0000-00-00', '00:00:00', 13710),
(5, 1, '2020-03-04', '15:46:16', 21.4166),
(6, 1, '2020-03-04', '15:46:16', 0),
(7, 1, '2020-03-04', '15:46:16', 21.4166),
(2, 2, '0000-00-00', '00:00:00', 30.7),
(3, 2, '0000-00-00', '00:00:00', 1012.69),
(4, 2, '0000-00-00', '00:00:00', 15204),
(5, 1, '2020-03-04', '15:46:16', 21.4166),
(6, 1, '2020-03-04', '15:46:16', 0),
(7, 1, '2020-03-04', '15:46:16', 21.4166),
(2, 2, '0000-00-00', '00:00:00', 31.4),
(3, 2, '0000-00-00', '00:00:00', 1012.69),
(4, 2, '0000-00-00', '00:00:00', 16540),
(5, 1, '2020-03-04', '15:46:16', 21.4166),
(6, 1, '2020-03-04', '15:46:16', 0),
(7, 1, '2020-03-04', '15:46:16', 21.4166),
(2, 2, '0000-00-00', '00:00:00', 32.5),
(3, 2, '0000-00-00', '00:00:00', 1012.69),
(4, 2, '0000-00-00', '00:00:00', 17696),
(5, 1, '2020-03-04', '15:46:16', 21.4166),
(6, 1, '2020-03-04', '15:46:16', 0),
(7, 1, '2020-03-04', '15:46:16', 21.4166),
(2, 2, '0000-00-00', '00:00:00', 33.4),
(3, 2, '0000-00-00', '00:00:00', 1012.7),
(4, 2, '0000-00-00', '00:00:00', 18879),
(5, 1, '2020-03-04', '15:46:16', 21.4166),
(6, 1, '2020-03-04', '15:46:16', 0),
(7, 1, '2020-03-04', '15:46:16', 21.4166),
(2, 2, '0000-00-00', '00:00:00', 33.7),
(3, 2, '0000-00-00', '00:00:00', 1012.7),
(4, 2, '0000-00-00', '00:00:00', 19258),
(5, 1, '2020-03-04', '15:46:16', 21.4166),
(6, 1, '2020-03-04', '15:46:16', 0),
(7, 1, '2020-03-04', '15:46:16', 21.4166),
(2, 2, '0000-00-00', '00:00:00', 57.7),
(3, 2, '0000-00-00', '00:00:00', 1014.45),
(4, 2, '0000-00-00', '00:00:00', 8423),
(5, 1, '2020-03-04', '15:46:16', 21.4166),
(6, 1, '2020-03-04', '15:46:16', 0),
(7, 1, '2020-03-04', '15:46:16', 21.4166),
(2, 2, '0000-00-00', '00:00:00', 57.7),
(3, 2, '0000-00-00', '00:00:00', 1014.44),
(4, 2, '0000-00-00', '00:00:00', 3350),
(5, 1, '2020-03-04', '15:46:16', 21.4166),
(6, 1, '2020-03-04', '15:46:16', 0),
(7, 1, '2020-03-04', '15:46:16', 21.4166),
(2, 2, '0000-00-00', '00:00:00', 57.6),
(3, 2, '0000-00-00', '00:00:00', 1014.43),
(4, 2, '0000-00-00', '00:00:00', 6158),
(5, 1, '2020-03-04', '15:46:16', 21.4166),
(6, 1, '2020-03-04', '15:46:16', 0),
(7, 1, '2020-03-04', '15:46:16', 21.4166),
(2, 2, '0000-00-00', '00:00:00', 57.5),
(3, 2, '0000-00-00', '00:00:00', 1014.43),
(4, 2, '0000-00-00', '00:00:00', 8581),
(5, 1, '2020-03-04', '15:46:16', 21.4166),
(6, 1, '2020-03-04', '15:46:16', 0),
(7, 1, '2020-03-04', '15:46:16', 21.4166),
(2, 2, '0000-00-00', '00:00:00', 57.4),
(3, 2, '0000-00-00', '00:00:00', 1014.42),
(4, 2, '0000-00-00', '00:00:00', 10620),
(5, 1, '2020-03-04', '15:46:16', 21.4166),
(6, 1, '2020-03-04', '15:46:16', 0),
(7, 1, '2020-03-04', '15:46:16', 21.4166),
(2, 2, '0000-00-00', '00:00:00', 57.1),
(3, 2, '0000-00-00', '00:00:00', 1014.42),
(4, 2, '0000-00-00', '00:00:00', 12801),
(5, 1, '2020-03-04', '15:46:16', 21.4166),
(6, 1, '2020-03-04', '15:46:16', 0),
(7, 1, '2020-03-04', '15:46:16', 21.4166),
(2, 2, '0000-00-00', '00:00:00', 56.8),
(3, 2, '0000-00-00', '00:00:00', 1014.43),
(4, 2, '0000-00-00', '00:00:00', 14390),
(5, 1, '2020-03-04', '15:46:16', 21.4166),
(6, 1, '2020-03-04', '15:46:16', 0),
(7, 1, '2020-03-04', '15:46:16', 21.4166),
(2, 2, '0000-00-00', '00:00:00', 56.6),
(3, 2, '0000-00-00', '00:00:00', 1014.44),
(4, 2, '0000-00-00', '00:00:00', 15737),
(5, 1, '2020-03-04', '15:46:16', 21.4166),
(6, 1, '2020-03-04', '15:46:16', 0),
(7, 1, '2020-03-04', '15:46:16', 21.4166),
(2, 2, '0000-00-00', '00:00:00', 56.7),
(3, 2, '0000-00-00', '00:00:00', 1014.44),
(4, 2, '0000-00-00', '00:00:00', 17026),
(5, 1, '2020-03-04', '15:46:16', 21.4166),
(6, 1, '2020-03-04', '15:46:16', 0),
(7, 1, '2020-03-04', '15:46:16', 21.4166),
(2, 2, '0000-00-00', '00:00:00', 56.5),
(3, 2, '0000-00-00', '00:00:00', 1014.43),
(4, 2, '0000-00-00', '00:00:00', 18073),
(5, 1, '2020-03-04', '15:46:16', 21.4166),
(6, 1, '2020-03-04', '15:46:16', 0),
(7, 1, '2020-03-04', '15:46:16', 21.4166),
(2, 2, '0000-00-00', '00:00:00', 56.6),
(3, 2, '0000-00-00', '00:00:00', 1014.44),
(4, 2, '0000-00-00', '00:00:00', 19042),
(5, 1, '2020-03-04', '15:46:16', 21.4166),
(6, 1, '2020-03-04', '15:46:16', 0),
(7, 1, '2020-03-04', '15:46:16', 21.4166),
(2, 2, '0000-00-00', '00:00:00', 56.3),
(3, 2, '0000-00-00', '00:00:00', 1014.44),
(4, 2, '0000-00-00', '00:00:00', 20010),
(5, 1, '2020-03-04', '15:46:16', 21.4166),
(6, 1, '2020-03-04', '15:46:16', 0),
(7, 1, '2020-03-04', '15:46:16', 21.4166),
(2, 2, '0000-00-00', '00:00:00', 56.4),
(3, 2, '0000-00-00', '00:00:00', 1014.44),
(4, 2, '0000-00-00', '00:00:00', 20804),
(5, 1, '2020-03-04', '15:46:16', 21.4166),
(6, 1, '2020-03-04', '15:46:16', 0),
(7, 1, '2020-03-04', '15:46:16', 21.4166),
(2, 2, '0000-00-00', '00:00:00', 56.3),
(3, 2, '0000-00-00', '00:00:00', 1014.45),
(4, 2, '0000-00-00', '00:00:00', 21557),
(5, 1, '2020-03-04', '15:46:16', 21.4166),
(6, 1, '2020-03-04', '15:46:16', 0),
(7, 1, '2020-03-04', '15:46:16', 21.4166),
(2, 2, '0000-00-00', '00:00:00', 56.3),
(3, 2, '0000-00-00', '00:00:00', 1014.45),
(4, 2, '0000-00-00', '00:00:00', 22321),
(5, 1, '2020-03-04', '15:46:16', 21.4166),
(6, 1, '2020-03-04', '15:46:16', 0),
(7, 1, '2020-03-04', '15:46:16', 21.4166),
(2, 2, '0000-00-00', '00:00:00', 56.1),
(3, 2, '0000-00-00', '00:00:00', 1014.45),
(4, 2, '0000-00-00', '00:00:00', 22925),
(5, 1, '2020-03-04', '15:46:16', 21.4166),
(6, 1, '2020-03-04', '15:46:16', 0),
(7, 1, '2020-03-04', '15:46:16', 21.4166),
(2, 2, '0000-00-00', '00:00:00', 56.2),
(3, 2, '0000-00-00', '00:00:00', 1014.45),
(4, 2, '0000-00-00', '00:00:00', 24613),
(5, 1, '2020-03-04', '15:46:16', 21.4166),
(6, 1, '2020-03-04', '15:46:16', 0),
(7, 1, '2020-03-04', '15:46:16', 21.4166),
(2, 2, '0000-00-00', '00:00:00', 57.1),
(3, 2, '0000-00-00', '00:00:00', 1014.44),
(4, 2, '0000-00-00', '00:00:00', 25262),
(5, 1, '2020-03-04', '15:46:16', 21.4166),
(6, 1, '2020-03-04', '15:46:16', 0),
(7, 1, '2020-03-04', '15:46:16', 21.4166),
(2, 2, '0000-00-00', '00:00:00', 53.7),
(3, 2, '0000-00-00', '00:00:00', 1014.44),
(4, 2, '0000-00-00', '00:00:00', 25247),
(5, 1, '2020-03-04', '15:46:16', 21.4166),
(6, 1, '2020-03-04', '15:46:16', 0),
(7, 1, '2020-03-04', '15:46:16', 21.4166),
(2, 2, '0000-00-00', '00:00:00', 51.5),
(3, 2, '0000-00-00', '00:00:00', 1014.42),
(4, 2, '0000-00-00', '00:00:00', 25688),
(5, 1, '2020-03-04', '15:46:16', 21.4166),
(6, 1, '2020-03-04', '15:46:16', 0),
(7, 1, '2020-03-04', '15:46:16', 21.4166),
(2, 2, '0000-00-00', '00:00:00', 50.7),
(3, 2, '0000-00-00', '00:00:00', 1014.42),
(4, 2, '0000-00-00', '00:00:00', 26395),
(5, 1, '2020-03-04', '15:46:16', 21.4166),
(6, 1, '2020-03-04', '15:46:16', 0),
(7, 1, '2020-03-04', '15:46:16', 21.4166),
(2, 2, '0000-00-00', '00:00:00', 50.4),
(3, 2, '0000-00-00', '00:00:00', 1014.42),
(4, 2, '0000-00-00', '00:00:00', 26829),
(5, 1, '2020-03-04', '15:46:16', 21.4166),
(6, 1, '2020-03-04', '15:46:16', 0),
(7, 1, '2020-03-04', '15:46:16', 21.4166),
(2, 2, '0000-00-00', '00:00:00', 50.7),
(3, 2, '0000-00-00', '00:00:00', 1014.41),
(4, 2, '0000-00-00', '00:00:00', 27584),
(5, 1, '2020-03-04', '15:46:16', 21.4166),
(6, 1, '2020-03-04', '15:46:16', 0),
(7, 1, '2020-03-04', '15:46:16', 21.4166);

-- --------------------------------------------------------

--
-- Estrutura da tabela `users`
--

CREATE TABLE `users` (
  `id_user` int(11) NOT NULL,
  `user_name` varchar(50) NOT NULL,
  `user_password` varchar(255) NOT NULL,
  `email` varchar(50) NOT NULL,
  `id_location` int(11) DEFAULT NULL
) ENGINE=InnoDB DEFAULT CHARSET=latin1;

--
-- Extraindo dados da tabela `users`
--

INSERT INTO `users` (`id_user`, `user_name`, `user_password`, `email`, `id_location`) VALUES(/*...*/)

--
-- Índices para tabelas despejadas
--

--
-- Índices para tabela `locations`
--
ALTER TABLE `locations`
  ADD PRIMARY KEY (`id_location`);

--
-- Índices para tabela `sensors`
--
ALTER TABLE `sensors`
  ADD PRIMARY KEY (`id_sensor`);

--
-- Índices para tabela `sensors_readings`
--
ALTER TABLE `sensors_readings`
  ADD KEY `id_sensor` (`id_sensor`),
  ADD KEY `id_location` (`id_location`);

--
-- Índices para tabela `users`
--
ALTER TABLE `users`
  ADD PRIMARY KEY (`id_user`),
  ADD UNIQUE KEY `user_name` (`user_name`),
  ADD UNIQUE KEY `user_password` (`user_password`),
  ADD KEY `id_location` (`id_location`);

--
-- AUTO_INCREMENT de tabelas despejadas
--

--
-- AUTO_INCREMENT de tabela `locations`
--
ALTER TABLE `locations`
  MODIFY `id_location` int(11) NOT NULL AUTO_INCREMENT, AUTO_INCREMENT=6;

--
-- AUTO_INCREMENT de tabela `sensors`
--
ALTER TABLE `sensors`
  MODIFY `id_sensor` int(11) NOT NULL AUTO_INCREMENT, AUTO_INCREMENT=8;

--
-- AUTO_INCREMENT de tabela `users`
--
ALTER TABLE `users`
  MODIFY `id_user` int(11) NOT NULL AUTO_INCREMENT, AUTO_INCREMENT=59;

--
-- Restrições para despejos de tabelas
--

--
-- Limitadores para a tabela `sensors_readings`
--
ALTER TABLE `sensors_readings`
  ADD CONSTRAINT `sensors_readings_ibfk_1` FOREIGN KEY (`id_sensor`) REFERENCES `sensors` (`id_sensor`),
  ADD CONSTRAINT `sensors_readings_ibfk_2` FOREIGN KEY (`id_location`) REFERENCES `locations` (`id_location`);

--
-- Limitadores para a tabela `users`
--
ALTER TABLE `users`
  ADD CONSTRAINT `users_ibfk_1` FOREIGN KEY (`id_location`) REFERENCES `locations` (`id_location`);
COMMIT;

/*!40101 SET CHARACTER_SET_CLIENT=@OLD_CHARACTER_SET_CLIENT */;
/*!40101 SET CHARACTER_SET_RESULTS=@OLD_CHARACTER_SET_RESULTS */;
/*!40101 SET COLLATION_CONNECTION=@OLD_COLLATION_CONNECTION */;
